,scrubbed_genus,scrubbed_species_binomial,latitude,longitude,date_collected,datasource,dataset,dataowner,custodial_institution_codes,collection_code,datasource_id,is_new_world
1,Agenium,Agenium leptocladum,-15.6675,-47.953056,5/8/13,GBIF,UnB,UnB,UnB,UB,3120,1
6,Agenium,Agenium leptocladum,-15.959722,-47.876389,4/25/88,GBIF,"Instituto de Botânica, IBT","Instituto de Botânica, IBT","Instituto de Botânica, IBT",SP,3012,1
7,Agenium,Agenium leptocladum,-22.05,-44.666667,3/11/08,GBIF,USP,USP,USP,SPF,3527,1
8,Agenium,Agenium leptocladum,-14.358056,-48.386389,4/12/96,GBIF,"Instituto de Botânica, IBT","Instituto de Botânica, IBT","Instituto de Botânica, IBT",SP,3012,1
14,Agenium,Agenium leptocladum,-15.593056,-47.905556,4/1/07,SpeciesLink,UnB,UnB,UnB,UB,1227,1
15,Agenium,Agenium leptocladum,-15.930833,-47.9,5/9/08,GBIF,UnB,UnB,UnB,UB,3120,1
16,Agenium,Agenium leptocladum,-24.478056,-50.003333,1/14/04,GBIF,UFRGS,UFRGS,UFRGS,ICN,2637,1
17,Agenium,Agenium leptocladum,-15.77972,-47.92944,5/1/68,NY,NY,NY,NY,Herbarium,104,1
19,Agenium,Agenium leptocladum,-23.236211,-58.391024,1/1/05,GBIF,NHMUK,NHMUK,NHMUK,BOT,2075,1
22,Agenium,Agenium leptocladum,-12.816667,-51.766667,NA,GBIF,UnB,UnB,UnB,UB,3120,1
26,Agenium,Agenium leptocladum,-27.26666,-55.55,3/24/98,MO,"MO, SI","MO, SI","MO, SI",NA,280,1
32,Agenium,Agenium leptocladum,-27.77,-55.72,NA,GBIF,SI,SI,SI,HERB,3669,1
34,Agenium,Agenium leptocladum,-14.7056,-47.5247,NA,SpeciesLink,UnB,UnB,UnB,UB,1227,1
35,Agenium,Agenium leptocladum,-25.16667,-56,NA,GBIF,G,G,G,Geneva Herbarium – General Collection (G),3547,1
36,Agenium,Agenium leptocladum,-28.36,-58.03,NA,GBIF,CTES,CTES,CTES,CTES-VASC,3391,1
37,Agenium,Agenium leptocladum,-14.3,-48.383333,5/19/93,GBIF,"Instituto de Botânica, IBT","Instituto de Botânica, IBT","Instituto de Botânica, IBT",SP,3012,1
38,Agenium,Agenium leptocladum,-27.27,-55.53,NA,GBIF,BAA,BAA,BAA,HERB,3384,1
39,Agenium,Agenium leptocladum,-15.95,-47.933333,5/22/80,GBIF,UnB,UnB,UnB,UB,3120,1
41,Agenium,Agenium leptocladum,-25.16667,-56,NA,GBIF,G,G,G,Geneva Herbarium – General Collection (G),3547,1
42,Agenium,Agenium leptocladum,-27.26666,-55.53333,1/1/18,MO,BAA,BAA,BAA,NA,280,1
44,Agenium,Agenium leptocladum,-23.236211,-58.391024,1/1/05,GBIF,NHMUK,NHMUK,NHMUK,BOT,2075,1
48,Agenium,Agenium leptocladum,-12.9,-51.87,4/10/68,GBIF,K,K,K,Herbarium,3716,1
50,Agenium,Agenium leptocladum,-15.556388,-48.105555,NA,GBIF,Cenargen,Cenargen,Cenargen,CEN,3199,1
52,Agenium,Agenium leptocladum,-15.77972,-47.92944,2/23/65,NY,NY,NY,NY,Herbarium,104,1
54,Agenium,Agenium leptocladum,-24.251667,-49.706111,1/15/65,GBIF,UNESC,UNESC,UNESC,CRI,2747,1
55,Agenium,Agenium leptocladum,-27.27,-55.53,NA,GBIF,BAA,BAA,BAA,HERB,3384,1
56,Agenium,Agenium leptocladum,-15.6675,-47.953056,5/8/13,GBIF,UnB,UnB,UnB,UB,3120,1
58,Agenium,Agenium leptocladum,-15.6675,-47.953056,5/8/13,GBIF,UnB,UnB,UnB,UB,3120,1
64,Agenium,Agenium leptocladum,-15.959722,-47.876389,4/25/88,GBIF,UFRGS,UFRGS,UFRGS,ICN,2637,1
72,Agenium,Agenium leptocladum,-15.778056,-47.885278,5/8/01,GBIF,"Universidade Regional de Blumenau, FURB","Universidade Regional de Blumenau, FURB","Universidade Regional de Blumenau, FURB",FURB,1646,1
75,Agenium,Agenium leptocladum,-24.17,-49.32,1/18/65,GBIF,K,K,K,Herbarium,3716,1
78,Agenium,Agenium leptocladum,-14.7056,-47.5247,3/22/73,GBIF,UnB,UnB,UnB,UB,3120,1
79,Agenium,Agenium leptocladum,-15.593056,-47.905556,12/1/07,SpeciesLink,UnB,UnB,UnB,UB,1227,1
80,Agenium,Agenium leptocladum,-15.847222,-47.947222,5/19/99,GBIF,Jardim Botânico de Brasília (JBB),Jardim Botânico de Brasília (JBB),Jardim Botânico de Brasília (JBB),HEPH,2371,1
85,Agenium,Agenium leptocladum,-15.930833,-47.9,7/29/08,GBIF,UnB,UnB,UnB,UB,3120,1
89,Agenium,Agenium leptocladum,-14.162264,-47.827528,6/4/14,GBIF,UnB,UnB,UnB,UB,3120,1
91,Agenium,Agenium leptocladum,-15.683888,-48.072222,NA,GBIF,Cenargen,Cenargen,Cenargen,CEN,3199,1
92,Agenium,Agenium leptocladum,-15.593056,-47.905556,4/1/07,SpeciesLink,UnB,UnB,UnB,UB,1227,1
93,Agenium,Agenium leptocladum,-15.7375,-47.973333,NA,GBIF,Cenargen,Cenargen,Cenargen,CEN,3199,1
97,Agenium,Agenium leptocladum,-15.77972,-47.92944,5/1/68,NY,NY,NY,NY,Herbarium,104,1
101,Agenium,Agenium leptocladum,-15.847222,-47.947222,4/24/98,SpeciesLink,UnB,UnB,UnB,UB,1227,1
103,Agenium,Agenium leptocladum,-15.95,-47.933333,1/1/79,GBIF,UnB,UnB,UnB,UB,3120,1
106,Agenium,Agenium leptocladum,-15.95,-47.933333,NA,SpeciesLink,UnB,UnB,UnB,UB,1227,1
113,Agenium,Agenium leptocladum,-14.068888,-47.509166,NA,GBIF,Cenargen,Cenargen,Cenargen,CEN,3199,1
114,Agenium,Agenium leptocladum,-15.593056,-47.905556,4/1/07,GBIF,UnB,UnB,UnB,UB,3120,1
119,Agenium,Agenium leptocladum,-15.683888,-48.072222,NA,GBIF,Cenargen,Cenargen,Cenargen,CEN,3199,1
120,Agenium,Agenium leptocladum,-23.236211,-58.391024,NA,GBIF,NHMUK,NHMUK,NHMUK,BOT,2075,1
122,Agenium,Agenium leptocladum,-15.7375,-47.973333,5/27/13,GBIF,UnB,UnB,UnB,UB,3120,1
125,Agenium,Agenium leptocladum,-14.351667,-48.433611,4/30/96,GBIF,"Instituto de Botânica, IBT","Instituto de Botânica, IBT","Instituto de Botânica, IBT",SP,3012,1
126,Agenium,Agenium leptocladum,-10.8,-48.416667,5/9/16,GBIF,UEFS,UEFS,UEFS,HUEFS,2756,1
129,Agenium,Agenium leptocladum,-25.16667,-56,NA,GBIF,G,G,G,Geneva Herbarium – General Collection (G),3547,1
130,Agenium,Agenium leptocladum,-25.5,-49.66666,1/14/65,MO,MO,MO,MO,NA,280,1
131,Agenium,Agenium leptocladum,-27.26666,-55.53333,1/1/61,MO,BAA,BAA,BAA,NA,280,1
134,Agenium,Agenium leptocladum,-15.727778,-47.999167,7/1/07,SpeciesLink,UnB,UnB,UnB,UB,1227,1
136,Agenium,Agenium leptocladum,-15.930833,-47.9,4/9/08,GBIF,UnB,UnB,UnB,UB,3120,1
137,Agenium,Agenium leptocladum,-15.725528,-48.023417,4/25/13,GBIF,UnB,UnB,UnB,UB,3120,1
138,Agenium,Agenium leptocladum,-15.593056,-47.905556,4/1/07,GBIF,UnB,UnB,UnB,UB,3120,1
140,Agenium,Agenium leptocladum,-25.25,-57,NA,GBIF,G,G,G,Geneva Herbarium – General Collection (G),3547,1
141,Agenium,Agenium leptocladum,-25.5,-49.67,1/14/65,GBIF,K,K,K,Herbarium,3716,1
142,Agenium,Agenium leptocladum,-23.236211,-58.391024,1897-01-01,GBIF,NHMUK,NHMUK,NHMUK,BOT,2075,1
143,Agenium,Agenium leptocladum,-25.25,-57,NA,GBIF,G,G,G,Geneva Herbarium – General Collection (G),3547,1
144,Agenium,Agenium leptocladum,-28.36,-58.03,NA,GBIF,SI,SI,SI,HERB,3669,1
145,Agenium,Agenium leptocladum,-15.950556,-47.870556,5/15/03,GBIF,UFRGS,UFRGS,UFRGS,ICN,2637,1
147,Agenium,Agenium leptocladum,-15.710277,-47.999166,NA,GBIF,Cenargen,Cenargen,Cenargen,CEN,3199,1
148,Agenium,Agenium leptocladum,-15.9236,-48.8086,5/1/73,GBIF,UnB,UnB,UnB,UB,3120,1
150,Agenium,Agenium leptocladum,-14.116667,-47.516667,3/23/69,GBIF,UnB,UnB,UnB,UB,3120,1
151,Agenium,Agenium leptocladum,-25.16667,-56,NA,GBIF,G,G,G,Geneva Herbarium – General Collection (G),3547,1
154,Agenium,Agenium leptocladum,-15.710278,-47.999167,3/28/12,GBIF,UnB,UnB,UnB,UB,3120,1
159,Agenium,Agenium leptocladum,-16.7686,-47.6136,3/1/66,GBIF,UnB,UnB,UnB,UB,3120,1
160,Agenium,Agenium leptocladum,-15.78,-47.89,NA,GBIF,SI,SI,SI,HERB,3669,1
161,Agenium,Agenium leptocladum,-16.67861,-49.25389,3/20/30,NY,NY,NY,NY,Herbarium,104,1
162,Agenium,Agenium leptocladum,-15.77972,-47.92944,4/10/68,NY,NY,NY,NY,Herbarium,104,1
169,Agenium,Agenium leptocladum,-14.63,-52.23,7/15/68,GBIF,K,K,K,Herbarium,3716,1
170,Agenium,Agenium leptocladum,-25.16667,-56,NA,GBIF,G,G,G,Geneva Herbarium – General Collection (G),3547,1
174,Agenium,Agenium leptocladum,-15.753639,-48.0075,4/3/13,GBIF,UnB,UnB,UnB,UB,3120,1
178,Agenium,Agenium leptocladum,-15.53722,-47.33417,3/30/66,NY,NY,NY,NY,Herbarium,104,1
188,Agenium,Agenium leptocladum,-15.556417,-48.105639,5/2/13,GBIF,UnB,UnB,UnB,UB,3120,1
190,Agenium,Agenium leptocladum,-26.1925,-49.26556,1/1/58,NY,NY,NY,NY,Herbarium,104,1
191,Agenium,Agenium leptocladum,-15.727778,-47.999167,7/1/07,GBIF,UnB,UnB,UnB,UB,3120,1
192,Agenium,Agenium leptocladum,-23.236211,-58.391024,1/1/13,GBIF,NHMUK,NHMUK,NHMUK,BOT,2075,1
194,Agenium,Agenium leptocladum,-15.847222,-47.947222,4/24/98,GBIF,UnB,UnB,UnB,UB,3120,1
195,Agenium,Agenium leptocladum,-23.236211,-58.391024,1/1/13,GBIF,NHMUK,NHMUK,NHMUK,BOT,2075,1
196,Agenium,Agenium leptocladum,-15.9236,-48.8086,5/16/73,GBIF,UnB,UnB,UnB,UB,3120,1
201,Agenium,Agenium leptocladum,-27.27,-55.53,NA,GBIF,BAA,BAA,BAA,HERB,3384,1
204,Agenium,Agenium leptocladum,-15.959722,-47.876389,4/25/88,GBIF,Comissão Executiva do Plano da Lavoura Cacaueira (CEPLAC),Comissão Executiva do Plano da Lavoura Cacaueira (CEPLAC),Comissão Executiva do Plano da Lavoura Cacaueira (CEPLAC),CEPEC,2724,1
209,Agenium,Agenium leptocladum,-20.245833,-46.446111,3/3/13,GBIF,UFRGS,UFRGS,UFRGS,ICN,2637,1
212,Agenium,Agenium leptocladum,-15.725528,-48.023417,4/25/13,GBIF,UnB,UnB,UnB,UB,3120,1
214,Agenium,Agenium leptocladum,-27.26666,-55.53333,1/1/52,MO,BAA,BAA,BAA,NA,280,1
219,Agenium,Agenium leptocladum,-12.9,-51.87,4/10/68,GBIF,K,K,K,Herbarium,3716,1
223,Agenium,Agenium leptocladum,-15.6675,-47.953055,NA,GBIF,Cenargen,Cenargen,Cenargen,CEN,3199,1
229,Agenium,Agenium leptocladum,-15.6675,-47.953055,NA,GBIF,Cenargen,Cenargen,Cenargen,CEN,3199,1
230,Agenium,Agenium leptocladum,-15.593056,-47.905556,12/1/07,GBIF,UnB,UnB,UnB,UB,3120,1
233,Agenium,Agenium leptocladum,-28.36,-58.03,NA,GBIF,SI,SI,SI,HERB,3669,1
234,Agenium,Agenium leptocladum,-15.70316,-48.0304,6/16/12,GBIF,UnB,UnB,UnB,UB,3120,1
236,Agenium,Agenium leptocladum,18.03333,-88.43333,9/1/29,MO,MO,MO,MO,NA,280,1
33,Agenium,Agenium majus,-24.33333,-55,NA,GBIF,G,G,G,Geneva Herbarium – General Collection (G),3547,1
40,Agenium,Agenium majus,-24.33333,-55,NA,GBIF,G,G,G,Geneva Herbarium – General Collection (G),3547,1
46,Agenium,Agenium majus,-25.16667,-56,NA,GBIF,G,G,G,Geneva Herbarium – General Collection (G),3547,1
53,Agenium,Agenium majus,-25.5,-55,NA,GBIF,G,G,G,Geneva Herbarium – General Collection (G),3547,1
73,Agenium,Agenium majus,-25.43333,-54.61666,NA,MO,NA,NA,NA,NA,280,1
87,Agenium,Agenium majus,-25.16667,-56,NA,GBIF,G,G,G,Geneva Herbarium – General Collection (G),3547,1
102,Agenium,Agenium majus,-25.16667,-56,NA,GBIF,G,G,G,Geneva Herbarium – General Collection (G),3547,1
115,Agenium,Agenium majus,-23,-56,NA,GBIF,G,G,G,Geneva Herbarium – General Collection (G),3547,1
135,Agenium,Agenium majus,-23,-56,NA,GBIF,G,G,G,Geneva Herbarium – General Collection (G),3547,1
149,Agenium,Agenium majus,-24.33333,-55,NA,GBIF,G,G,G,Geneva Herbarium – General Collection (G),3547,1
152,Agenium,Agenium majus,-25.16667,-56,NA,GBIF,G,G,G,Geneva Herbarium – General Collection (G),3547,1
163,Agenium,Agenium majus,-23,-56,NA,GBIF,G,G,G,Geneva Herbarium – General Collection (G),3547,1
206,Agenium,Agenium majus,-25.16667,-56,NA,GBIF,G,G,G,Geneva Herbarium – General Collection (G),3547,1
215,Agenium,Agenium majus,-22.7,-57.5,4/5/86,MO,"MO, PY","MO, PY","MO, PY",NA,280,1
227,Agenium,Agenium majus,-24.33333,-55,NA,GBIF,G,G,G,Geneva Herbarium – General Collection (G),3547,1
232,Agenium,Agenium majus,-23,-56,NA,GBIF,G,G,G,Geneva Herbarium – General Collection (G),3547,1
235,Agenium,Agenium majus,-25.16667,-56,NA,GBIF,G,G,G,Geneva Herbarium – General Collection (G),3547,1
2,Agenium,Agenium villosum,-27.5667,-56.7333,9/20/70,SpeciesLink,IAC,IAC,IAC,IAC,1365,1
3,Agenium,Agenium villosum,-17.33333,-49.38333,4/27/88,MO,MO,MO,MO,NA,280,1
4,Agenium,Agenium villosum,-27.27,-55.53,NA,GBIF,BAA,BAA,BAA,HERB,3384,1
5,Agenium,Agenium villosum,-26,-57,NA,GBIF,G,G,G,Geneva Herbarium – General Collection (G),3547,1
9,Agenium,Agenium villosum,-17.33,-49.4,4/14/88,GBIF,K,K,K,Herbarium,3716,1
10,Agenium,Agenium villosum,-25.74901929,-56.41798937,1/1/31,GBIF,HO,HO,HO,HO,3572,1
11,Agenium,Agenium villosum,-15.913889,-47.881111,11/10/02,GBIF,UFERSA,UFERSA,UFERSA,MOSS,1570,1
12,Agenium,Agenium villosum,-23,-57,NA,GBIF,G,G,G,Geneva Herbarium – General Collection (G),3547,1
13,Agenium,Agenium villosum,-21.83889,-46.56472,NA,GBIF,Cenargen,Cenargen,Cenargen,CEN,3199,1
18,Agenium,Agenium villosum,-23,-57,NA,GBIF,G,G,G,Geneva Herbarium – General Collection (G),3547,1
20,Agenium,Agenium villosum,-23.236211,-58.391024,1/1/13,GBIF,NHMUK,NHMUK,NHMUK,BOT,2075,1
21,Agenium,Agenium villosum,-27.11,-54.97,NA,GBIF,SI,SI,SI,HERB,3669,1
23,Agenium,Agenium villosum,-24.1,-49.37,1/17/65,GBIF,K,K,K,Herbarium,3716,1
24,Agenium,Agenium villosum,-27.72,-56.73,NA,GBIF,CTES,CTES,CTES,HERB,3391,1
25,Agenium,Agenium villosum,-27.81611,-50.32583,3/16/57,NY,NY,NY,NY,Herbarium,104,1
27,Agenium,Agenium villosum,-27.26666,-55.53333,8/15/20,MO,BAA,BAA,BAA,NA,280,1
28,Agenium,Agenium villosum,-27.38,-55.58,NA,GBIF,SI,SI,SI,HERB,3669,1
29,Agenium,Agenium villosum,-23,-56,NA,GBIF,G,G,G,Geneva Herbarium – General Collection (G),3547,1
30,Agenium,Agenium villosum,-15.536667,-47.973611,6/3/11,SpeciesLink,UnB,UnB,UnB,UB,1227,1
31,Agenium,Agenium villosum,-12.8225,-48.217777,NA,GBIF,Cenargen,Cenargen,Cenargen,CEN,3199,1
43,Agenium,Agenium villosum,-27.32,-55.53,NA,GBIF,SI,SI,SI,HERB,3669,1
45,Agenium,Agenium villosum,-28.933333,-50.455278,3/7/12,GBIF,UFRGS,UFRGS,UFRGS,ICN,2637,1
47,Agenium,Agenium villosum,-27.92,-55.77,NA,GBIF,SI,SI,SI,HERB,3669,1
49,Agenium,Agenium villosum,-5.1783,-40.6775,5/9/34,SpeciesLink,IAC,IAC,IAC,IAC,1365,1
51,Agenium,Agenium villosum,-23,-57,NA,GBIF,G,G,G,Geneva Herbarium – General Collection (G),3547,1
57,Agenium,Agenium villosum,-18.03333,-63.2,2/27/88,MO,"MO, NY","MO, NY","MO, NY",NA,280,1
59,Agenium,Agenium villosum,-15.8,-47.483333,NA,SpeciesLink,UnB,UnB,UnB,UB,1227,1
60,Agenium,Agenium villosum,-23,-57,NA,GBIF,G,G,G,Geneva Herbarium – General Collection (G),3547,1
61,Agenium,Agenium villosum,-12.683333,-41.516667,1/14/13,GBIF,UEFS,UEFS,UEFS,HUEFS,2756,1
62,Agenium,Agenium villosum,-16.333333,-55.333333,4/10/30,GBIF,JBRJ,JBRJ,JBRJ,RB,1928,1
63,Agenium,Agenium villosum,-27.81611,-50.32583,1/1/63,NY,NY,NY,NY,Herbarium,104,1
65,Agenium,Agenium villosum,-30.91,-57.93,NA,GBIF,SI,SI,SI,HERB,3669,1
66,Agenium,Agenium villosum,-22.65,-55.9833333,5/7/01,MO,"MO, SI","MO, SI","MO, SI",NA,280,1
67,Agenium,Agenium villosum,-25.16667,-56,NA,GBIF,G,G,G,Geneva Herbarium – General Collection (G),3547,1
68,Agenium,Agenium villosum,-28.49904275,-58.33468218,2/1/63,GBIF,HO,HO,HO,HO,3572,1
69,Agenium,Agenium villosum,-31.36667,-54.88333,NA,GBIF,Cenargen,Cenargen,Cenargen,CEN,3199,1
70,Agenium,Agenium villosum,-23,-56,NA,GBIF,G,G,G,Geneva Herbarium – General Collection (G),3547,1
71,Agenium,Agenium villosum,-31.38,-58.03,NA,GBIF,SI,SI,SI,HERB,3669,1
74,Agenium,Agenium villosum,-28.21,-56.23,NA,GBIF,SI,SI,SI,HERB,3669,1
76,Agenium,Agenium villosum,-34.766667,-55.316667,11/27/95,MO,MVFA,MVFA,MVFA,NA,280,1
77,Agenium,Agenium villosum,-27.92,-55.77,NA,GBIF,SI,SI,SI,HERB,3669,1
81,Agenium,Agenium villosum,-27.91666,-55.76666,2/10/76,MO,SI,SI,SI,NA,280,1
82,Agenium,Agenium villosum,-27.13,-54.49,NA,GBIF,SI,SI,SI,HERB,3669,1
83,Agenium,Agenium villosum,-16.16666,-62,2/14/85,MO,MO,MO,MO,NA,280,1
84,Agenium,Agenium villosum,-22.65,-55.98,NA,GBIF,SI,SI,SI,HERB,3669,1
86,Agenium,Agenium villosum,-27.91666,-55.76666,4/15/79,MO,SI,SI,SI,NA,280,1
88,Agenium,Agenium villosum,-20.7314,-48.0578,2/20/48,SpeciesLink,IAC,IAC,IAC,IAC,1365,1
90,Agenium,Agenium villosum,-27.13,-55.4,NA,GBIF,BAA,BAA,BAA,HERB,3384,1
94,Agenium,Agenium villosum,-23,-56,NA,GBIF,G,G,G,Geneva Herbarium – General Collection (G),3547,1
95,Agenium,Agenium villosum,-17.95,-46.85,4/20/07,SpeciesLink,JBRJ,JBRJ,JBRJ,JBRJ_RB,249,1
96,Agenium,Agenium villosum,-15.913889,-47.881111,11/10/02,SpeciesLink,UFERSA,UFERSA,UFERSA,MOSS,640,1
98,Agenium,Agenium villosum,-27.38333,-55.9,1/15/22,MO,BAA,BAA,BAA,NA,280,1
99,Agenium,Agenium villosum,-7.37,-45.08,4/26/62,GBIF,K,K,K,Herbarium,3716,1
100,Agenium,Agenium villosum,-25.16667,-56,NA,GBIF,G,G,G,Geneva Herbarium – General Collection (G),3547,1
104,Agenium,Agenium villosum,-19.306944,-49.756667,2/12/13,GBIF,UnB,UnB,UnB,UB,3120,1
105,Agenium,Agenium villosum,-17.95,-46.85,4/20/07,GBIF,JBRJ,JBRJ,JBRJ,RB,1928,1
107,Agenium,Agenium villosum,-27.31666,-55.53333,1/4/72,MO,SI,SI,SI,NA,280,1
108,Agenium,Agenium villosum,-27.81611,-50.32583,1/15/57,NY,NY,NY,NY,Herbarium,104,1
109,Agenium,Agenium villosum,-27.91666,-55.76666,1/1/61,MO,BAA,BAA,BAA,NA,280,1
110,Agenium,Agenium villosum,-27.13333,-55.4,9/15/47,MO,BAA,BAA,BAA,NA,280,1
111,Agenium,Agenium villosum,-17.961389,-46.853333,4/20/07,GBIF,UEFS,UEFS,UEFS,HUEFS,2756,1
112,Agenium,Agenium villosum,-30.71,-58.16,NA,GBIF,SI,SI,SI,HERB,3669,1
116,Agenium,Agenium villosum,-27.11666,-54.96666,7/20/98,MO,SI,SI,SI,NA,280,1
117,Agenium,Agenium villosum,-25.5,-57.5,NA,GBIF,G,G,G,Geneva Herbarium – General Collection (G),3547,1
118,Agenium,Agenium villosum,-27.44,-55.59,NA,GBIF,SI,SI,SI,HERB,3669,1
121,Agenium,Agenium villosum,-25.16667,-56,NA,GBIF,G,G,G,Geneva Herbarium – General Collection (G),3547,1
123,Agenium,Agenium villosum,-23,-57,NA,GBIF,G,G,G,Geneva Herbarium – General Collection (G),3547,1
124,Agenium,Agenium villosum,-7.366667,-45.083333,4/26/62,GBIF,UnB,UnB,UnB,UB,3120,1
127,Agenium,Agenium villosum,-31.448611,-53.104444,11/19/89,GBIF,UNESC,UNESC,UNESC,CRI,2747,1
128,Agenium,Agenium villosum,-15.8,-47.483333,2/19/81,GBIF,UnB,UnB,UnB,UB,3120,1
132,Agenium,Agenium villosum,-27.81611,-50.32583,1/1/46,NY,NY,NY,NY,Herbarium,104,1
133,Agenium,Agenium villosum,-30.71,-58.16,NA,GBIF,SI,SI,SI,HERB,3669,1
139,Agenium,Agenium villosum,-7.366667,-45.083333,4/26/62,GBIF,"Instituto de Botânica, IBT","Instituto de Botânica, IBT","Instituto de Botânica, IBT",SP,3012,1
146,Agenium,Agenium villosum,-21.838889,-46.564722,2/4/81,SpeciesLink,UNICAMP,UNICAMP,UNICAMP,UEC,1030,1
153,Agenium,Agenium villosum,-27.3833333,-55.5833333,10/5/78,MO,"MO, SI","MO, SI","MO, SI",NA,280,1
155,Agenium,Agenium villosum,-25.25,-57,NA,GBIF,G,G,G,Geneva Herbarium – General Collection (G),3547,1
156,Agenium,Agenium villosum,-24.1,-49.866667,1/17/65,GBIF,UFRGS,UFRGS,UFRGS,ICN,2637,1
157,Agenium,Agenium villosum,-5.1783,-40.6775,5/9/34,GBIF,IAC,IAC,IAC,IAC,3493,1
158,Agenium,Agenium villosum,-17.33833,-59.6825,5/1/96,MO,"MO, USZ","MO, USZ","MO, USZ",NA,280,1
164,Agenium,Agenium villosum,-31.35,-58.18,NA,GBIF,SI,SI,SI,HERB,3669,1
165,Agenium,Agenium villosum,-25.25,-57,NA,GBIF,G,G,G,Geneva Herbarium – General Collection (G),3547,1
166,Agenium,Agenium villosum,-21.502,-46.3353,2/4/81,GBIF,UNICAMP,UNICAMP,UNICAMP,UEC,2136,1
167,Agenium,Agenium villosum,-31.35,-58.18,NA,GBIF,SI,SI,SI,HERB,3669,1
168,Agenium,Agenium villosum,-27.92,-55.77,NA,GBIF,BAA,BAA,BAA,HERB,3384,1
171,Agenium,Agenium villosum,-10.613472,-46.529167,12/11/14,GBIF,UnB,UnB,UnB,UB,3120,1
172,Agenium,Agenium villosum,-23.236211,-58.391024,NA,GBIF,NHMUK,NHMUK,NHMUK,BOT,2075,1
173,Agenium,Agenium villosum,-23,-57,NA,GBIF,G,G,G,Geneva Herbarium – General Collection (G),3547,1
175,Agenium,Agenium villosum,-25.39556,-51.45806,1/1/69,NY,NY,NY,NY,Herbarium,104,1
176,Agenium,Agenium villosum,-23.53333,-55.55,1/1/22,MO,"AS, MO","AS, MO","AS, MO",NA,280,1
177,Agenium,Agenium villosum,-22.3827778,-56.8972222,1/16/00,MO,"AS, MO","AS, MO","AS, MO",NA,280,1
179,Agenium,Agenium villosum,-25.16667,-56,NA,GBIF,G,G,G,Geneva Herbarium – General Collection (G),3547,1
180,Agenium,Agenium villosum,-31.35,-58.18,NA,GBIF,SI,SI,SI,HERB,3669,1
181,Agenium,Agenium villosum,-15.53722,-47.33417,4/9/76,NY,NY,NY,NY,Herbarium,104,1
182,Agenium,Agenium villosum,-23,-56,NA,GBIF,G,G,G,Geneva Herbarium – General Collection (G),3547,1
183,Agenium,Agenium villosum,-15.883333,-48.016667,10/18/03,GBIF,UnB,UnB,UnB,UB,3120,1
184,Agenium,Agenium villosum,-28.36,-58.03,NA,GBIF,SI,SI,SI,HERB,3669,1
185,Agenium,Agenium villosum,-23,-57,NA,GBIF,G,G,G,Geneva Herbarium – General Collection (G),3547,1
186,Agenium,Agenium villosum,-27.12,-54.97,NA,GBIF,SI,SI,SI,HERB,3669,1
187,Agenium,Agenium villosum,-27.38,-55.58,NA,GBIF,SI,SI,SI,HERB,3669,1
189,Agenium,Agenium villosum,-17.89333,-63.085,3/30/93,MO,USZ,USZ,USZ,NA,280,1
193,Agenium,Agenium villosum,-27.77,-55.72,NA,GBIF,SI,SI,SI,HERB,3669,1
197,Agenium,Agenium villosum,-27.48333,-55.48333,1/8/08,MO,BAA,BAA,BAA,NA,280,1
198,Agenium,Agenium villosum,-27.38333,-55.58333,11/6/12,MO,SI,SI,SI,NA,280,1
199,Agenium,Agenium villosum,-25.25,-57,NA,GBIF,G,G,G,Geneva Herbarium – General Collection (G),3547,1
200,Agenium,Agenium villosum,-10.868833,-46.615,11/2/14,GBIF,UnB,UnB,UnB,UB,3120,1
202,Agenium,Agenium villosum,-20.7314,-48.0578,2/20/48,GBIF,IAC,IAC,IAC,IAC,3493,1
203,Agenium,Agenium villosum,-26,-57,NA,GBIF,G,G,G,Geneva Herbarium – General Collection (G),3547,1
205,Agenium,Agenium villosum,-27.48,-55.48,NA,GBIF,BAA,BAA,BAA,HERB,3384,1
207,Agenium,Agenium villosum,-31.35,-58.18,NA,GBIF,BAB,BAB,BAB,HERB,3614,1
208,Agenium,Agenium villosum,-16.21556,-47.32556,NA,GBIF,Cenargen,Cenargen,Cenargen,CEN,3199,1
210,Agenium,Agenium villosum,-30.706111,-54.305694,NA,GBIF,Fundação Universidade Federal de Mato Grosso do Sul (UFMS),Fundação Universidade Federal de Mato Grosso do Sul (UFMS),Fundação Universidade Federal de Mato Grosso do Sul (UFMS),CGMS,2258,1
211,Agenium,Agenium villosum,-31.35,-58.18,NA,GBIF,BAA,BAA,BAA,HERB,3384,1
213,Agenium,Agenium villosum,-30.71,-58.16,NA,GBIF,SI,SI,SI,HERB,3669,1
216,Agenium,Agenium villosum,-23.236211,-58.391024,1/1/31,GBIF,NHMUK,NHMUK,NHMUK,BOT,2075,1
217,Agenium,Agenium villosum,-10.613472,-46.529167,12/11/14,GBIF,UnB,UnB,UnB,UB,3120,1
218,Agenium,Agenium villosum,-25.25,-57,NA,GBIF,G,G,G,Geneva Herbarium – General Collection (G),3547,1
220,Agenium,Agenium villosum,-25.16667,-56,NA,GBIF,G,G,G,Geneva Herbarium – General Collection (G),3547,1
221,Agenium,Agenium villosum,-27.76666,-55.71666,2/25/95,MO,SI,SI,SI,NA,280,1
222,Agenium,Agenium villosum,-27.38,-55.9,NA,GBIF,BAA,BAA,BAA,HERB,3384,1
224,Agenium,Agenium villosum,-23,-57,NA,GBIF,G,G,G,Geneva Herbarium – General Collection (G),3547,1
225,Agenium,Agenium villosum,-10.868833,-46.615,11/3/14,GBIF,UnB,UnB,UnB,UB,3120,1
226,Agenium,Agenium villosum,-23,-57,NA,GBIF,G,G,G,Geneva Herbarium – General Collection (G),3547,1
228,Agenium,Agenium villosum,-25.25,-57,NA,GBIF,G,G,G,Geneva Herbarium – General Collection (G),3547,1
231,Agenium,Agenium villosum,-16.13333,-62.08333,3/23/87,MO,MO,MO,MO,NA,280,1