"","scrubbed_genus","scrubbed_species_binomial","country","state_province","county","locality","latitude","longitude","date_collected","datasource","dataset","dataowner","custodial_institution_codes","collection_code","datasource_id","catalog_number","recorded_by","record_number","date_collected","identified_by","date_identified","identification_remarks","is_new_world"
"1","Andropterum","Andropterum stolzii","Tanzania","Rukwa",NA,"Mbizi Forest Reserve. NE of Sumbawanga. Along road and Mwambazi creek.",-7.90921,31.6767,2012-06-02,"GBIF","US","US","US","Botany",3271,"1319530657","P. M. Peterson, R. J. Soreng, K. Romaschenko & Y. S. Abeid","24075",2012-06-02,"Soreng, R. J., (US), Smithsonian Institution - National Museum of Natural History (UNITED STATES)",NA,NA,0
"2","Andropterum","Andropterum stolzii","Tanzania",NA,NA,"Not available",-8.875,33.625,1992-11-25,"GBIF","SANBI","SANBI","SANBI","PRECIS",2249,"461615916","Mwasumbi L.B.",NA,1992-11-25,NA,NA,NA,0
"3","Andropterum","Andropterum stolzii","Mozambique","Tete","Moatize","Arredores de Zóbuè Moçambique, Tete, arredores de Zóbuè.",-15.595109,34.415423,1943-08-27,"GBIF","IICT","IICT","IICT","LISC",1812,"813405924","Torre, A.R.","5800",1943-08-27,"Castro, M.",NA,NA,0
"4","Andropterum","Andropterum stolzii","Mozambique","Tete","Moatize","Arredores de Zóbuè Moçambique, Tete, arredores de Zóbuè.",-15.595109,34.415423,1943-08-27,"GBIF","IICT","IICT","IICT","LISC",1812,"813405925","Torre, A.R.","5800",1943-08-27,"Castro, M.",NA,NA,0
"5","Andropterum","Andropterum stolzii","Tanzania",NA,NA,"Not available",-9.375,34.125,1992-06-16,"GBIF","SANBI","SANBI","SANBI","PRECIS",2249,"461615917","Gereau R.E.; Kayombo C.J.",NA,1992-06-16,NA,NA,NA,0
"6","Andropterum","Andropterum stolzii","Burundi",NA,NA,"Not available",-4.125,29.875,1971-03-08,"GBIF","SANBI","SANBI","SANBI","PRECIS",2249,"461615918","Ndabaneze P.",NA,1971-03-08,NA,NA,NA,0
"7","Andropterum","Andropterum stolzii","Tanzania",NA,NA,"Africa, Tanzania, Nyassa Hochland, Station Kyimbila",-6,35,1912-05-07,"GBIF","SNSB-M","SNSB-M","SNSB-M","BSMvplantscoll",1972,"1098960218","Stolz, A. (no. 1248)",NA,1912-05-07,NA,NA,NA,0
"8","Andropterum","Andropterum stolzii","Tanzania","Mbeya",NA,"Kyimbila",-9.283333,33.65,1912-05-07,"GBIF","LD","LD","LD","General",3425,"1099896442","A. Stolz",NA,1912-05-07,NA,NA,NA,0
"9","Andropterum","Andropterum stolzii","Tanzania","Mbeya",NA,"Kyimbila",-9.283333,33.65,1912-05-07,"GBIF","LD","LD","LD","General",3425,"1099883967","A. Stolz",NA,1912-05-07,NA,NA,NA,0
"10","Andropterum","Andropterum stolzii","Mozambique","Tete","Moatize","Arredores de Zóbuè Moçambique, Tete, arredores de Zóbuè.",-15.595109,34.415423,1943-08-27,"GBIF","IICT","IICT","IICT","LISC",1812,"813405923","Torre, A.R.","5800",1943-08-27,"Castro, M.",NA,NA,0
"11","Andropterum","Andropterum stolzii","Tanzania","Mbeya","Mbeya","Mporoto Ridge; Galijembe Forest Reserve, northern slopes of western peak of Galijembe Hill.",-8.98333,33.6,1992-11-25,"MO","MO","MO","MO",NA,280,NA,"Leonard B. Mwasumbi","16535",1992-11-25,"L. Fish (PRE),",1993-01-01,NA,0
