"","scrubbed_genus","scrubbed_species_binomial","country","state_province","county","locality","latitude","longitude","date_collected","datasource","dataset","dataowner","custodial_institution_codes","collection_code","datasource_id","catalog_number","recorded_by","record_number","date_collected","identified_by","date_identified","identification_remarks","is_new_world"
"1","Apocopis","Apocopis siamensis","Thailand",NA,NA,"Siam, [Tak,] Wang Djao [Wang Chao].",15,100,1904-10-31,"GBIF","SNSB-M","SNSB-M","SNSB-M","BSMvplantscoll",1972,"1098961393","Hosseus, C.C. (no. 145)",NA,1904-10-31,NA,NA,NA,0
"2","Apocopis","Apocopis paleaceus","Nepal",NA,NA,"",28.253008,83.938548,1821-01-01,"GBIF","NHMUK","NHMUK","NHMUK","BOT",2075,"1056840229","Nathaniel Wallich","8843",1821-01-01,"Atchara Teerawatananon",NA,NA,0
"3","Apocopis","Apocopis wrightii","China","Jiangxi Sheng",NA,"枫江公社",27.209898,115.133864,1981-01-01,"GBIF","LBG","LBG","LBG",NA,3452,"1030732243","王江林  张少春",NA,1981-01-01,NA,NA,NA,0
"4","Apocopis","Apocopis wrightii","China","Guangdong Sheng",NA,"坪石塘口附近",25.22845,113.217309,1942-01-01,"GBIF","IBK","IBK","IBK",NA,3699,"1030930048","陈少卿",NA,1942-01-01,NA,NA,NA,0
"5","Apocopis","Apocopis wrightii","China","Guangdong Sheng",NA,"背村青更山",24.186045,113.415062,1929-01-01,"GBIF","IBSC","IBSC","IBSC",NA,3815,"1303892468","黄荣焜",NA,1929-01-01,NA,NA,NA,0
"6","Apocopis","Apocopis paleaceus","China","Yunnan Sheng",NA,"Menning,Matai",24.580446,99.92854,1938-01-01,"GBIF","KUN","KUN","KUN",NA,3393,"1304024051","俞德浚",NA,1938-01-01,NA,NA,NA,0
"7","Apocopis","Apocopis wrightii","China","Guangxi Zhuangzu Zizhiqu",NA,"良丰乡",25.255089,110.050532,1953-01-01,"GBIF","IBK","IBK","IBK",NA,3699,"1030930030","邓先福",NA,1953-01-01,NA,NA,NA,0
"8","Apocopis","Apocopis paleaceus","China","Yunnan Sheng",NA,"baan luen",23.625319,105.630906,1940-01-01,"GBIF","KUN","KUN","KUN",NA,3393,"1304024043","王启无",NA,1940-01-01,NA,NA,NA,0
"9","Apocopis","Apocopis paleaceus","China","Yunnan Sheng",NA,"Sunning,Hila",24.580446,99.92854,1938-01-01,"GBIF","KUN","KUN","KUN",NA,3393,"1304024147","俞德浚",NA,1938-01-01,NA,NA,NA,0
"10","Apocopis","Apocopis paleaceus","China","Yunnan Sheng",NA,"丙贡曼",25.841921,98.857727,1960-01-01,"GBIF","PE","PE","PE",NA,3713,"919565024","滇西北分队",NA,1960-01-01,NA,NA,NA,0
"11","Apocopis","Apocopis paleaceus","China","Yunnan Sheng",NA,"南沙",23.219942,102.835218,1974-01-01,"GBIF","PE","PE","PE",NA,3713,"919564939","绿春队",NA,1974-01-01,NA,NA,NA,0
"12","Apocopis","Apocopis wrightii","China","Jiangxi Sheng",NA,"枫江公社",27.209898,115.133864,1981-01-01,"GBIF","LBG","LBG","LBG",NA,3452,"1030732219","王江林  张少春",NA,1981-01-01,NA,NA,NA,0
"13","Apocopis","Apocopis courtallumensis","India",NA,NA,"Inde - Ind. orientalis",22.88361,79.61611,NA,"GBIF","G","G","G","Geneva Herbarium – General Collection (G)",3547,"1144595627","Wight, R. (Coll. Delessert)",NA,NA,"Roberty, G. (1957)",NA,NA,0
"14","Apocopis","Apocopis wrightii","China","Guangdong Sheng",NA,"西岸乡",24.780744,112.377423,1945-01-01,"GBIF","IBSC","IBSC","IBSC",NA,3815,"1303892452","陈少卿",NA,1945-01-01,NA,NA,NA,0
"15","Apocopis","Apocopis paleaceus","China","Yunnan Sheng",NA,"baan luen",23.625319,105.630906,1940-01-01,"GBIF","KUN","KUN","KUN",NA,3393,"1304024089","王启无",NA,1940-01-01,NA,NA,NA,0
"16","Apocopis","Apocopis paleaceus","Nepal",NA,NA,"",28.253008,83.938548,NA,"GBIF","NHMUK","NHMUK","NHMUK","BOT",2075,"1055414825","Nathaniel Wallich","s.n.",NA,"Atchara Teerawatananon",NA,NA,0
"17","Apocopis","Apocopis mangalorensis","India",NA,NA,"Mangalore - Mangalor/State of Karnātaka",12.87,74.88,NA,"GBIF","G","G","G","Geneva Herbarium – General Collection (G)",3547,"1144595632","Hohenacker, R. F. (Coll. Delessert)",NA,NA,"Roberty, G. (1957)",NA,NA,0
"18","Apocopis","Apocopis paleaceus","China","Guangdong Sheng",NA,"坪石莱牌附近",25.22845,113.217309,1942-01-01,"GBIF","IBK","IBK","IBK",NA,3699,"1030930058","陈少卿",NA,1942-01-01,NA,NA,NA,0
"19","Apocopis","Apocopis siamensis","Thailand",NA,NA,"Siam, [Tak,] Wang Djao [Wang Chao].",15,100,1904-10-13,"GBIF","SNSB-M","SNSB-M","SNSB-M","BSMvplantscoll",1972,"1098961382","Hosseus, C.C. (no. 108)",NA,1904-10-13,NA,NA,NA,0
"20","Apocopis","Apocopis wrightii","China","Jiangxi Sheng",NA,"枫江公社",27.209898,115.133864,1981-01-01,"GBIF","LBG","LBG","LBG",NA,3452,"1030732246","王江林  张少春",NA,1981-01-01,NA,NA,NA,0
"21","Apocopis","Apocopis wrightii","China","Guangdong Sheng",NA,"河口区龙门乡附近",22.25257,111.721548,1956-01-01,"GBIF","IBK","IBK","IBK",NA,3699,"1030930088","黄志",NA,1956-01-01,NA,NA,NA,0
"22","Apocopis","Apocopis paleaceus","China","Guangxi Zhuangzu Zizhiqu","Liuzhou Shi","沙塘",24.399244,109.379926,1939-01-01,"GBIF","IBK","IBK","IBK",NA,3699,"1030930055","陈立卿",NA,1939-01-01,NA,NA,NA,0
"23","Apocopis","Apocopis wrightii","China","Jiangxi Sheng",NA,"",26.79023,114.908859,1981-01-01,"GBIF","LBG","LBG","LBG",NA,3452,"1030732233","赖书绅",NA,1981-01-01,NA,NA,NA,0
"24","Apocopis","Apocopis mangalorensis","India",NA,NA,"Mangalore - Mangalor/State of Karnātaka",12.87,74.88,NA,"GBIF","G","G","G","Geneva Herbarium – General Collection (G)",3547,"1144595631","Hohenacker, R. F.",NA,NA,NA,NA,NA,0
"25","Apocopis","Apocopis mangalorensis","India",NA,NA,"Mangalore - Mangalor/State of Karnātaka",12.87,74.88,NA,"GBIF","G","G","G","Geneva Herbarium – General Collection (G)",3547,"1144595637","Hohenacker, R. F. (Coll. Boissier)",NA,NA,NA,NA,NA,0
"26","Apocopis","Apocopis wrightii","China","Jiangxi Sheng",NA,"枫江公社",27.209898,115.133864,1981-01-01,"GBIF","LBG","LBG","LBG",NA,3452,"1030732274","王江林 等",NA,1981-01-01,NA,NA,NA,0
"27","Apocopis","Apocopis paleaceus","China","Yunnan Sheng",NA,"Sunning,Hila",24.580446,99.92854,1938-01-01,"GBIF","KUN","KUN","KUN",NA,3393,"1304024092","俞德浚",NA,1938-01-01,NA,NA,NA,0
