﻿,scrubbed_genus,scrubbed_species_binomial,latitude,longitude,date_collected,datasource,dataset,dataowner,custodial_institution_codes,collection_code,datasource_id,is_new_world
,,,,,,,,,,,,
1,Anadelphia,Anadelphia leptocoma,11.21667,-5.45,9/1/64,GBIF,MNHN,MNHN,MNHN,P,3541,0
2,Anadelphia,Anadelphia leptocoma,7.698055,-8.398889,11/14/07,MO,"BR, MO, P, WAG","BR, MO, P, WAG","BR, MO, P, WAG",NA,280,0
3,Anadelphia,Anadelphia leptocoma,11.21667,-5.45,10/27/65,GBIF,MNHN,MNHN,MNHN,P,3541,0
4,Anadelphia,Anadelphia afzeliana,10.316667,1.366667,10/17/98,GBIF,FR,FR,FR,Herbarium Senckenbergianum,3497,0
5,Anadelphia,Anadelphia trepidaria,11.875,-13.125,10/29/56,GBIF,SANBI,SANBI,SANBI,PRECIS,2249,0
6,Anadelphia,Anadelphia afzeliana,11.75,-2.933,NA,GBIF,Centre National de la Recherche Scientifique et Technologique / Institut de l'environnement et de recherches agricoles,Centre National de la Recherche Scientifique et Technologique / Institut de l'environnement et de recherches agricoles,Centre National de la Recherche Scientifique et Technologique / Institut de l'environnement et de recherches agricoles,Herbier CNRST/INERA,1895,0
7,Anadelphia,Anadelphia leptocoma,9.17,-11.12,11/20/65,GBIF,K,K,K,Herbarium,3716,0
8,Anadelphia,Anadelphia leptocoma,10.066667,-12.85,NA,GBIF,BR,BR,BR,NA,3460,0
9,Anadelphia,Anadelphia leptocoma,7.65,-8.37,11/14/07,GBIF,Institut de Recherche Agronomique de Guinée (IRAG),Institut de Recherche Agronomique de Guinée (IRAG),Institut de Recherche Agronomique de Guinée (IRAG),Herbier SERG,2240,0
10,Anadelphia,Anadelphia afzeliana,10.316667,1.366667,10/11/99,GBIF,FR,FR,FR,Herbarium Senckenbergianum,3497,0
11,Anadelphia,Anadelphia leptocoma,10.766,-5.15,10/28/97,GBIF,AAU,AAU,AAU,Herbarium,3298,0
12,Anadelphia,Anadelphia liebigiana,10.1025,1.503333,10/15/01,GBIF,FR,FR,FR,Herbarium Senckenbergianum,3497,0
13,Anadelphia,Anadelphia scyphofera,-5.48,30.53,4/15/06,GBIF,K,K,K,Herbarium,3716,0
14,Anadelphia,Anadelphia leptocoma,8.92,-10.78,12/31/65,GBIF,K,K,K,Herbarium,3716,0
15,Anadelphia,Anadelphia afzeliana,9.066667,13.466667,11/12/85,GBIF,EFG,EFG,EFG,HEFG,2357,0
16,Anadelphia,Anadelphia lomaensis,9.225,-11.116667,10/6/64,MO,"K, P","K, P","K, P",NA,280,0
17,Anadelphia,Anadelphia afzeliana,11.166,-1.466,10/26/00,GBIF,AAU,AAU,AAU,Herbarium,3298,0
18,Anadelphia,Anadelphia afzeliana,7.07,0.27,11/15/58,GBIF,LEGON-GC,LEGON-GC,LEGON-GC,GC1,2355,0
19,Anadelphia,Anadelphia leptocoma,10.616,-5.116,10/20/00,GBIF,AAU,AAU,AAU,Herbarium,3298,0
20,Anadelphia,Anadelphia leptocoma,8.9,-0.02,11/17/70,GBIF,K,K,K,Herbarium,3716,0
21,Anadelphia,Anadelphia afzeliana,-1.79111,14.06722,7/8/06,MO,NA,NA,NA,NA,280,0
22,Anadelphia,Anadelphia leptocoma,7.65056,-8.33306,10/14/11,GBIF,MNHN,MNHN,MNHN,P,3541,0
23,Anadelphia,Anadelphia leptocoma,7.625,-5.625,10/19/49,GBIF,SANBI,SANBI,SANBI,PRECIS,2249,0
24,Anadelphia,Anadelphia afzeliana,10.683,-4.716,10/28/97,GBIF,AAU,AAU,AAU,Herbarium,3298,0
25,Anadelphia,Anadelphia leptocoma,5.2,-1.05,11/5/58,GBIF,K,K,K,Herbarium,3716,0
26,Anadelphia,Anadelphia hamata,-2.033333,9.425,11/8/11,GBIF,MEL,MEL,MEL,MEL,3283,0
27,Anadelphia,Anadelphia leptocoma,7.4,-8.6,10/29/64,GBIF,K,K,K,Herbarium,3716,0
28,Anadelphia,Anadelphia leptocoma,11.21667,-5.45,10/27/65,GBIF,MNHN,MNHN,MNHN,P,3541,0
29,Anadelphia,Anadelphia hamata,-4.301666,15.316388,10/1/15,GBIF,BR,BR,BR,NA,3460,0
30,Anadelphia,Anadelphia leptocoma,7.625,-8.375,10/29/67,GBIF,SANBI,SANBI,SANBI,PRECIS,2249,0
31,Anadelphia,Anadelphia leptocoma,8.92,-10.78,12/14/65,GBIF,K,K,K,Herbarium,3716,0
32,Anadelphia,Anadelphia leptocoma,11.21667,-5.45,9/1/64,GBIF,MNHN,MNHN,MNHN,P,3541,0
33,Anadelphia,Anadelphia afzeliana,-1.375,10.625,9/25/85,GBIF,SANBI,SANBI,SANBI,PRECIS,2249,0
34,Anadelphia,Anadelphia lomaensis,7.661167,-8.3795,11/27/07,MO,WAG,WAG,WAG,NA,280,0
35,Anadelphia,Anadelphia leptocoma,10.616,-5.116,10/20/00,GBIF,AAU,AAU,AAU,Herbarium,3298,0
36,Anadelphia,Anadelphia scyphofera,-13.125,25.125,3/27/61,GBIF,SANBI,SANBI,SANBI,PRECIS,2249,0
37,Anadelphia,Anadelphia trispiculata,-3.71638,11.00694,5/13/01,MO,NA,NA,NA,NA,280,0
38,Anadelphia,Anadelphia leptocoma,9.1,-11.07,11/20/65,GBIF,LEGON-GC,LEGON-GC,LEGON-GC,GC1,2355,0
39,Anadelphia,Anadelphia afzeliana,8.333333,13.833333,10/30/79,GBIF,EFG,EFG,EFG,HEFG,2357,0
40,Anadelphia,Anadelphia afzeliana,-0.41666,11.5,3/7/89,MO,MO,MO,MO,NA,280,0
41,Anadelphia,Anadelphia afzeliana,6.51,0.25,12/20/59,GBIF,LEGON-GC,LEGON-GC,LEGON-GC,GC1,2355,0
42,Anadelphia,Anadelphia leptocoma,10.77,-5.15,10/28/97,GBIF,K,K,K,Herbarium,3716,0
43,Anadelphia,Anadelphia afzeliana,6.51,0.26,10/24/72,GBIF,LEGON-GC,LEGON-GC,LEGON-GC,GC1,2355,0
44,Anadelphia,Anadelphia afzeliana,11.3,-1.883,NA,GBIF,Centre National de la Recherche Scientifique et Technologique / Institut de l'environnement et de recherches agricoles,Centre National de la Recherche Scientifique et Technologique / Institut de l'environnement et de recherches agricoles,Centre National de la Recherche Scientifique et Technologique / Institut de l'environnement et de recherches agricoles,Herbier CNRST/INERA,1895,0
45,Anadelphia,Anadelphia leptocoma,7.65065,-8.333017,10/14/11,MO,"MO, P, SERG","MO, P, SERG","MO, P, SERG",NA,280,0
46,Anadelphia,Anadelphia afzeliana,10.09,-0.48,10/23/59,GBIF,LEGON-GC,LEGON-GC,LEGON-GC,GC1,2355,0
47,Anadelphia,Anadelphia leptocoma,-2.0025,9.412222,4/25/05,MO,MO,MO,MO,NA,280,0
48,Anadelphia,Anadelphia afzeliana,10.216667,14.7,9/25/85,GBIF,EFG,EFG,EFG,HEFG,2357,0
49,Anadelphia,Anadelphia leptocoma,5.32,-4.38,11/11/58,GBIF,K,K,K,Herbarium,3716,0
50,Anadelphia,Anadelphia trepidaria,8.875,-8.375,11/23/49,GBIF,SANBI,SANBI,SANBI,PRECIS,2249,0
51,Anadelphia,Anadelphia macrochaeta,10.375,-12.125,10/22/57,GBIF,SANBI,SANBI,SANBI,PRECIS,2249,0
52,Anadelphia,Anadelphia afzeliana,6.45,2.683,NA,GBIF,HNB,HNB,HNB,ABC,1556,0
53,Anadelphia,Anadelphia leptocoma,8.92,-10.78,12/13/65,GBIF,K,K,K,Herbarium,3716,0
54,Anadelphia,Anadelphia leptocoma,9.27,-11.2,NA,GBIF,K,K,K,Herbarium,3716,0
55,Anadelphia,Anadelphia afzeliana,8.333333,13.833333,10/10/85,GBIF,EFG,EFG,EFG,HEFG,2357,0
56,Anadelphia,Anadelphia afzeliana,11.375,-12.375,10/15/58,GBIF,SANBI,SANBI,SANBI,PRECIS,2249,0
57,Anadelphia,Anadelphia leptocoma,6.28,-10.72,9/6/62,GBIF,K,K,K,Herbarium,3716,0
58,Anadelphia,Anadelphia afzeliana,10.316667,1.366667,10/29/98,GBIF,FR,FR,FR,Herbarium Senckenbergianum,3497,0
59,Anadelphia,Anadelphia liebigiana,10.4,1.5,10/9/01,GBIF,FR,FR,FR,Herbarium Senckenbergianum,3497,0
60,Anadelphia,Anadelphia afzeliana,6.625,-5.125,9/30/49,GBIF,SANBI,SANBI,SANBI,PRECIS,2249,0
61,Anadelphia,Anadelphia lomaensis,7.660833,-8.38,10/15/11,MO,"MO, P, SERG","MO, P, SERG","MO, P, SERG",NA,280,0
62,Anadelphia,Anadelphia leptocoma,7.58,-8.54,9/11/64,GBIF,K,K,K,Herbarium,3716,0
63,Anadelphia,Anadelphia leptocoma,7.63222,-8.36639,11/7/12,GBIF,MNHN,MNHN,MNHN,P,3541,0
64,Anadelphia,Anadelphia afzeliana,7.625,-8.375,10/22/49,GBIF,SANBI,SANBI,SANBI,PRECIS,2249,0
65,Anadelphia,Anadelphia lomaensis,9.225,-11.116667,11/1/44,MO,"K, P","K, P","K, P",NA,280,0
66,Anadelphia,Anadelphia afzeliana,10.27,-0.51,10/29/58,GBIF,LEGON-GC,LEGON-GC,LEGON-GC,GC1,2355,0
67,Anadelphia,Anadelphia leptocoma,7.4,-8.6,10/29/64,GBIF,K,K,K,Herbarium,3716,0
68,Anadelphia,Anadelphia leptocoma,-2.001389,9.407222,4/25/05,GBIF,E,E,E,E,3550,0
69,Anadelphia,Anadelphia pumila,6.51,0.26,10/24/72,GBIF,LEGON-GC,LEGON-GC,LEGON-GC,GC1,2355,0
70,Anadelphia,Anadelphia leptocoma,7.625,-8.375,11/25/69,GBIF,SANBI,SANBI,SANBI,PRECIS,2249,0
71,Anadelphia,Anadelphia polychaeta,12.383,-16.716,9/11/94,GBIF,AAU,AAU,AAU,Herbarium,3298,0
72,Anadelphia,Anadelphia leptocoma,5.43,-4.51,7/3/63,GBIF,K,K,K,Herbarium,3716,0
73,Anadelphia,Anadelphia afzeliana,10.316667,1.366667,10/11/99,GBIF,FR,FR,FR,Herbarium Senckenbergianum,3497,0
74,Anadelphia,Anadelphia afzeliana,9.266667,13.466667,10/25/84,GBIF,EFG,EFG,EFG,HEFG,2357,0
75,Anadelphia,Anadelphia afzeliana,11.03,-2.31,10/10/60,GBIF,LEGON-GC,LEGON-GC,LEGON-GC,GC1,2355,0
76,Anadelphia,Anadelphia liebigiana,10.316667,1.366667,10/17/98,GBIF,FR,FR,FR,Herbarium Senckenbergianum,3497,0
77,Anadelphia,Anadelphia pumila,7.57,-2.41,10/18/60,GBIF,LEGON-GC,LEGON-GC,LEGON-GC,GC1,2355,0
78,Anadelphia,Anadelphia afzeliana,13.016,-13.266,10/2/93,GBIF,AAU,AAU,AAU,Herbarium,3298,0
79,Anadelphia,Anadelphia afzeliana,8.333333,13.833333,10/16/82,GBIF,EFG,EFG,EFG,HEFG,2357,0
80,Anadelphia,Anadelphia afzeliana,11,-0.22,10/5/57,GBIF,LEGON-GC,LEGON-GC,LEGON-GC,GC1,2355,0
81,Anadelphia,Anadelphia afzeliana,7.668333,-8.376667,12/13/07,MO,WAG,WAG,WAG,NA,280,0
82,Anadelphia,Anadelphia afzeliana,12.1,-1.567,NA,GBIF,Centre National de la Recherche Scientifique et Technologique / Institut de l'environnement et de recherches agricoles,Centre National de la Recherche Scientifique et Technologique / Institut de l'environnement et de recherches agricoles,Centre National de la Recherche Scientifique et Technologique / Institut de l'environnement et de recherches agricoles,Herbier CNRST/INERA,1895,0
83,Anadelphia,Anadelphia afzeliana,11.166,-1.466,10/26/00,GBIF,AAU,AAU,AAU,Herbarium,3298,0
84,Anadelphia,Anadelphia afzeliana,7.07,0.27,10/21/53,GBIF,LEGON-GC,LEGON-GC,LEGON-GC,GC1,2355,0
"Showing 1 to 14 of 84 entries, 12 total columns",,,,,,,,,,,,