"","scrubbed_genus","scrubbed_species_binomial","country","state_province","county","locality","latitude","longitude","date_collected","datasource","dataset","dataowner","custodial_institution_codes","collection_code","datasource_id","catalog_number","recorded_by","record_number","date_collected","identified_by","date_identified","identification_remarks","is_new_world"
"1","Apluda","Apluda mutica","Yemen",NA,NA,"Al-Mahra. Hawf Mts, NE of Hawf, second plateau, at spring near junction of tracks to Kon and the border with Oman.",16.65,53.049999,2000-11-11,"GBIF","B","B","B","Herbarium Berolinense",3617,"911745455","N. Kilian, S. O. Bahah, S. Ghoufali, P. Hein, M. A. Hubaishan & C. Naumann",NA,2000-11-11,"H. Scholz",NA,NA,0
"2","Apluda","Apluda mutica","Indonesia",NA,NA,"Jappen - Biak, Mariadai near Seroli.",-1.75,136.25,1939-08-29,"GBIF","CANB","CANB","CANB","CANB",3664,"993121628","Idjan","732",1939-08-29,"Sánchez-Ken, J.G.",2003-03-01,NA,0
"3","Apluda","Apluda mutica","Papua New Guinea","Milne Bay",NA,"Bolu Bolu, Goodenough Island. Milne Bay District.",-9.3667,150.35,1953-09-29,"GBIF","CANB","CANB","CANB","CANB",3664,"993126032","Brass, L.J.","24425",1953-09-29,"Sánchez-Ken, J.G.",2003-03-01,NA,0
"4","Apluda","Apluda mutica","China","Sichuan Sheng",NA,"对坪公社对坪",27.696857,103.248771,1976-01-01,"GBIF","CDBI","CDBI","CDBI",NA,3445,"1030901035","四川植被队",NA,1976-01-01,NA,NA,NA,0
"5","Apluda","Apluda mutica","China","Guangdong Sheng",NA,"",24.186045,113.415062,1929-01-01,"GBIF","IBSC","IBSC","IBSC",NA,3815,"1303855814","黄季庄",NA,1929-01-01,NA,NA,NA,0
"6","Apluda","Apluda mutica","India",NA,NA,"",22.883478,79.616202,NA,"GBIF","NHMUK","NHMUK","NHMUK","BOT",2075,"1055762323","Collaboration; Stocks, et al","s.n.",NA,"Jorge Sánchez-Ken; Sánchez-Ken",NA,NA,0
"7","Apluda","Apluda mutica","China","Guangxi Zhuangzu Zizhiqu",NA,"弄岗自然保护区龙呼生产队仓库对面石山下",22.391288,106.817838,1979-01-01,"GBIF","IBK","IBK","IBK",NA,3699,"1030930085","弄岗综考队",NA,1979-01-01,NA,NA,NA,0
"8","Apluda","Apluda mutica","Bhutan",NA,NA,"E facing slope, 2km from Kanglung, towards Tashigang",27.3,91.5,1995-09-13,"GBIF","E","E","E","E",3550,"574851339","R. Pradhan & T. Wangdi","EG28",1995-09-13,NA,NA,NA,0
"9","Apluda","Apluda mutica","China","Sichuan Sheng",NA,"",27.928607,101.279419,1978-01-01,"GBIF","CDBI","CDBI","CDBI",NA,3445,"1030901188","赵清盛",NA,1978-01-01,NA,NA,NA,0
"10","Apluda","Apluda mutica","New Caledonia",NA,NA,"Vallee de la Koumac",-20.516667,164.366667,1981-01-01,"GBIF","Université de Strasbourg","Université de Strasbourg","Université de Strasbourg","CAL",1457,"931123899","Hoff M. - Releve Phytosociologique",NA,1981-01-01,NA,NA,NA,0
"11","Apluda","Apluda mutica","Nepal","Madhyamanchal","Narayani Zone","Chitwan National Park. Hatti Sar Sauraha near KMTNC HQ",27.570833,84.499722,2004-11-20,"GBIF","E","E","E","E",3550,"575166967","Second Darwin Nepal Fieldwork Training Expedition","A41A ",2004-11-20,NA,NA,NA,0
"12","Apluda","Apluda mutica","Oman",NA,NA,"Distr. Dhofar. Zeak.",17.25,54.15,1981-10-26,"GBIF","CANB","CANB","CANB","CBG",3664,"993916083","Maconochie, J.R.","2883",1981-10-26,"Sánchez-Ken, J.G.",2003-03-01,NA,0
"13","Apluda","Apluda mutica","China","Yunnan Sheng",NA,"猛鑫",21.475834,101.56752,1936-01-01,"GBIF","PE","PE","PE",NA,3713,"919564987","C.W.Wang",NA,1936-01-01,NA,NA,NA,0
"14","Apluda","Apluda mutica","China","Guangxi Zhuangzu Zizhiqu",NA,"车河乡附近",25.104264,107.509707,1958-01-01,"GBIF","IBK","IBK","IBK",NA,3699,"1030930129","李中提",NA,1958-01-01,NA,NA,NA,0
"15","Apluda","Apluda mutica","Taiwan",NA,NA,"Chihpen Hot Spring",22.696111,120.996944,1960-10-08,"GBIF","TAI","TAI","TAI","TAI134689",3728,"891644071","C.C.Hsu",NA,1960-10-08,NA,NA,NA,0
"16","Apluda","Apluda mutica","Papua New Guinea",NA,NA,"Wewak Area",-3.5,143.5,1945-07-27,"GBIF","CNS","CNS","CNS","QRS",3642,"994134718","Leask, M.F.","CAIRNS 09667",1945-07-27,NA,NA,NA,0
"17","Apluda","Apluda mutica","India","Uttar Pradesh",NA,"Dudhwa NP",28.504358,80.702788,1986-12-01,"GBIF","WII","WII","WII","PlantsofWII",3551,"685751378","W.A. Rodgers",NA,1986-12-01,"W.A. Rodgers",1986-12-01,NA,0
"18","Apluda","Apluda mutica","China","Guangdong Sheng",NA,"管埠老虎冲",24.813781,113.184435,1942-01-01,"GBIF","IBSC","IBSC","IBSC",NA,3815,"1303892104","陈少卿",NA,1942-01-01,NA,NA,NA,0
"19","Apluda","Apluda mutica","Taiwan",NA,NA,"",25.15,121.616667,NA,"GBIF","TAIF","TAIF","TAIF","PLANT",3231,"1821871267",NA,NA,NA,NA,NA,NA,0
"20","Apluda","Apluda mutica","Papua New Guinea",NA,NA,"Arau, Eastern Highlands District.",-6.3833,146.0667,1959-10-22,"GBIF","CANB","CANB","CANB","CANB",3664,"993110376","Brass, L.J.","32240",1959-10-22,"Sánchez-Ken, J.G.",2003-03-01,NA,0
"21","Apluda","Apluda mutica","Papua New Guinea",NA,NA,"Amuk River, 19km E of Dreikikir, Sepik District.",-3.45,142.7667,1966-07-22,"GBIF","CANB","CANB","CANB","CANB",3664,"993160427","Heyligers, P.C.","1432",1966-07-22,"Sánchez-Ken, J.G.",2003-03-01,NA,0
"22","Apluda","Apluda mutica","Taiwan",NA,NA,"Fenglin",23.75,121.433333,NA,"GBIF","TAIF","TAIF","TAIF","TAIF146538",3231,"353038163","Tien-Tsai Chen",NA,NA,"Tien-Tsai Chen",NA,NA,0
"23","Apluda","Apluda mutica","China","Guangxi Zhuangzu Zizhiqu",NA,"",23.9022,106.618742,1955-01-01,"GBIF","IBK","IBK","IBK",NA,3699,"1030930059","百色队",NA,1955-01-01,NA,NA,NA,0
"24","Apluda","Apluda mutica","Taiwan",NA,NA,"Hsincheng, Sinzyo",24.123889,121.648056,1934-10-15,"GBIF","TAI","TAI","TAI","TAI190067",3728,"891617203","S.Suzuki 鈴木重良",NA,1934-10-15,NA,NA,NA,0
"25","Apluda","Apluda mutica","China","Sichuan Sheng",NA,"下核桃湾沟",27.928607,101.279419,1978-01-01,"GBIF","CDBI","CDBI","CDBI",NA,3445,"1030900722","杨亚滨",NA,1978-01-01,NA,NA,NA,0
"26","Apluda","Apluda mutica","China","Hainan Sheng",NA,"七指山",18.516726,110.029085,1934-01-01,"GBIF","IBK","IBK","IBK",NA,3699,"1030930033","黄志",NA,1934-01-01,NA,NA,NA,0
"27","Apluda","Apluda mutica","Australia","Queensland",NA,"SAIBAI",-9.40697763002777,142.692531737403,1975-07-16,"GBIF","BRI","BRI","BRI","Herbrecs",3662,"1651991573","Stocker, G.C.","1361",1975-07-16,NA,NA,NA,0
"28","Apluda","Apluda mutica","India","Maharashtra",NA,"Ellora.",20.0667,75.85,NA,"GBIF","MEL","MEL","MEL","MEL",3283,"995155539","Ralph, T.S.","469",NA,"Gabriel Sanchez-Ken, J.",2003-08-01,NA,0
"29","Apluda","Apluda mutica","Papua New Guinea",NA,NA,"Ulau Village, Wewak-Aitape Road, West Sepik Province, Papua New Guinea.",-3.30944399995494,142.791944,2007-10-23,"GBIF","DNA","DNA","DNA","DNA",3755,"994408054","Roberts, A.","31",2007-10-23,NA,NA,NA,0
"30","Apluda","Apluda mutica","Taiwan",NA,NA,"Kueishan, Kizan",24.897778,121.547778,1934-11-01,"GBIF","TAI","TAI","TAI","TAI257125",3728,"891588820","S.Suzuki 鈴木重良",NA,1934-11-01,NA,NA,NA,0
"31","Apluda","Apluda geniculata","India",NA,NA,"",22.883478,79.616202,1815-10-01,"GBIF","NHMUK","NHMUK","NHMUK","BOT",2075,"1057238893","Roxburgh","1007",1815-10-01,"Jorge Sánchez-Ken",NA,NA,0
"32","Apluda","Apluda mutica","Afghanistan",NA,NA,"Trakai P., Chamkani - Khost; E Afghanistan/Velāyat-e Paktīā",33.63,69.8,1971-09-29,"GBIF","GMBA","GMBA","GMBA","The Himalayan Uplands Plant database (HUP Version 1)",3000,"615267017","O.Volk (Coll. MSB)",NA,1971-09-29,NA,NA,NA,0
"33","Apluda","Apluda mutica","Papua New Guinea",NA,NA,"Kuk settlement area, Upper Wahgi valley, Western Highlands District.",-5.85,144.3083,1971-07-03,"GBIF","CANB","CANB","CANB","CANB",3664,"993198408","Powell, J.M.","UPNG 1505",1971-07-03,"Sánchez-Ken, J.G.",2003-03-01,NA,0
"34","Apluda","Apluda mutica","China","Guangxi Zhuangzu Zizhiqu",NA,"雁山三家村附近",25.255089,110.050532,1955-01-01,"GBIF","IBK","IBK","IBK",NA,3699,"1030930082","钟树权",NA,1955-01-01,NA,NA,NA,0
"35","Apluda","Apluda mutica","Taiwan",NA,NA,"Kantan",22.520556,120.465833,NA,"GBIF","TAI","TAI","TAI","TAI257120",3728,"891588865",NA,NA,NA,NA,NA,NA,0
"36","Apluda","Apluda mutica","China","Yunnan Sheng",NA,"华营公社北2km",25.584234,100.222124,1981-01-01,"GBIF","PE","PE","PE",NA,3713,"919543109","汤宗孝 田效文 张正华",NA,1981-01-01,NA,NA,NA,0
"37","Apluda","Apluda mutica","Taiwan",NA,NA,"Tatungshan, Mt. Tatung",24.947778,121.385556,1965-10-11,"GBIF","TAI","TAI","TAI","TAI134667",3728,"891644095","C.C.Chuang",NA,1965-10-11,NA,NA,NA,0
"38","Apluda","Apluda mutica","China","Guangxi Zhuangzu Zizhiqu","Guilin Shi","叠彩山",25.175621,110.351669,1959-01-01,"GBIF","IBK","IBK","IBK",NA,3699,"1030930108","中德采集队",NA,1959-01-01,NA,NA,NA,0
"39","Apluda","Apluda mutica","China","Guangdong Sheng",NA,"北乡枫树下国营林场",25.22845,113.217309,1942-01-01,"GBIF","PE","PE","PE",NA,3713,"1303758362","陈少卿",NA,1942-01-01,NA,NA,NA,0
"40","Apluda","Apluda mutica","Australia","Queensland",NA,"Dauan Island, Torres Strait.",-9.41860000109848,142.5297,2010-03-10,"GBIF","CANB","CANB","CANB","CANB",3664,"993643181","Waterhouse, B.M.","7832",2010-03-10,"BRI",2010-01-15,NA,0
"41","Apluda","Apluda mutica","Taiwan",NA,NA,"Shuling, Zyurin",24.988333,121.415833,1933-10-29,"GBIF","TAI","TAI","TAI","TAI130368",3728,"891644976","Wo",NA,1933-10-29,NA,NA,NA,0
"42","Apluda","Apluda mutica","Taiwan",NA,NA,"",25.15,121.55,NA,"GBIF","TAIF","TAIF","TAIF","TAIF121942",3231,"353038167","Sheng-You Lu",NA,NA,"Sheng-You Lu",NA,NA,0
"43","Apluda","Apluda mutica","Thailand","Chiang Mai",NA,"At pass ca 25 km along road Mae Rim - Samoeng",18.866,98.783,2001-10-12,"GBIF","AAU","AAU","AAU","Herbarium",3298,"47725071","S.  Laegaard",NA,2001-10-12,NA,NA,NA,0
"44","Apluda","Apluda mutica","Vietnam","Cao Bang",NA,"Distr. Tra Linh, municipality Luu Ngoc, vicinity of Lung Mu village, about 14 km from Cao Bang town to the N. Secondary shrubs and grasslands on alluvial valley between remnant limestone ridges and mesas.; Cao Bang Limestone EPILOC74",22.78333,106.3,1998-12-13,"MO",NA,NA,NA,NA,280,NA,"L.V. Averyanov","CBL1156",1998-12-13,NA,NA,NA,0
"45","Apluda","Apluda mutica","China","Sichuan Sheng",NA,"下核桃湾",27.928607,101.279419,1978-01-01,"GBIF","CDBI","CDBI","CDBI",NA,3445,"1030901163","杨亚滨",NA,1978-01-01,NA,NA,NA,0
"46","Apluda","Apluda mutica","Taiwan",NA,NA,"Yangmingshan, Sozan (Mt. Sozan)",25.136944,121.543333,1930-06-29,"GBIF","TAI","TAI","TAI","TAI134698",3728,"891644049","Hosokawa 細川",NA,1930-06-29,NA,NA,NA,0
"47","Apluda","Apluda mutica","Taiwan",NA,NA,"Shantsuchiao, Sansikyaku",24.969167,121.388056,1960-10-21,"GBIF","TAI","TAI","TAI","TAI134688",3728,"891644073","C.C.Hsu",NA,1960-10-21,NA,NA,NA,0
"48","Apluda","Apluda mutica","China","Guangxi Zhuangzu Zizhiqu",NA,"植物研究所植物园",25.255089,110.050532,1959-01-01,"GBIF","IBK","IBK","IBK",NA,3699,"1030930098","廖民安",NA,1959-01-01,NA,NA,NA,0
"49","Apluda","Apluda mutica","Papua New Guinea",NA,NA,"Northern District. Adjunct to Wanigela airstrip, Tufi subdistrict.",-9.3333,149.15,1954-07-08,"GBIF","CANB","CANB","CANB","CANB",3664,"993730298","Saunders, J.C.","6",1954-07-08,"Sánchez-Ken, J.G.",2003-03-01,NA,0
"50","Apluda","Apluda mutica","Papua New Guinea","Western",NA,"Masingara.",-9.1167,142.9333,1993-03-04,"GBIF","CANB","CANB","CANB","CANB",3664,"993532915","Waterhouse, B.M.","2699",1993-03-04,"Hucks, L.",NA,NA,0
"51","Apluda","Apluda mutica","Taiwan",NA,NA,"Kantan",22.520556,120.465833,1937-08-16,"GBIF","TAI","TAI","TAI","TAI257121",3728,"891588859",NA,NA,1937-08-16,NA,NA,NA,0
"52","Apluda","Apluda mutica","Australia","Queensland",NA,"Duaun Island, Torres Strait.",-9.41860000109848,142.5297,2010-03-10,"GBIF","CNS","CNS","CNS","CNS",3642,"994052705","Waterhouse, B.M.","7832",2010-03-10,NA,NA,NA,0
"53","Apluda","Apluda mutica","China","Guangdong Sheng",NA,"",24.780744,112.377423,1945-01-01,"GBIF","IBSC","IBSC","IBSC",NA,3815,"1303855816","陈少卿",NA,1945-01-01,NA,NA,NA,0
"54","Apluda","Apluda mutica","Papua New Guinea","Morobe",NA,"Waritsian, Morobe District.",-6.1167,146.1167,1971-07-18,"GBIF","CANB","CANB","CANB","CANB",3664,"993292937","Argent, G.","NGF 1115",1971-07-18,"Sánchez-Ken, J.G.",2003-03-01,NA,0
"55","Apluda","Apluda mutica","Philippines",NA,NA,"Luzon",16,121,NA,"GBIF","W","W","W","Herbarium W",3736,"1230481244","Haenke,T.P.X.",NA,NA,"J. F. Veldkamp 2005-07",NA,NA,0
"56","Apluda","Apluda mutica","China","Guangxi Zhuangzu Zizhiqu","Liuzhou Shi","沙塘广西试验场山厂",24.399244,109.379926,1940-01-01,"GBIF","IBK","IBK","IBK",NA,3699,"1030930038","钟济新",NA,1940-01-01,NA,NA,NA,0
"57","Apluda","Apluda mutica","China","Sichuan Sheng",NA,"三区东子公社",27.928607,101.279419,1978-01-01,"GBIF","CDBI","CDBI","CDBI",NA,3445,"1030901077","赵清盛",NA,1978-01-01,NA,NA,NA,0
"58","Apluda","Apluda mutica","Papua New Guinea",NA,NA,"Wewak-Angoram Area, Sepik District.  Sepik River, near Nemchan village.",-3.9333,144.4167,1959-09-15,"GBIF","CANB","CANB","CANB","CANB",3664,"993631640","Robbins, R.G.","2444",1959-09-15,"Sánchez-Ken, J.G.",2003-03-01,NA,0
"59","Apluda","Apluda mutica","China","Sichuan Sheng",NA,"下核桃湾",27.928607,101.279419,1978-01-01,"GBIF","CDBI","CDBI","CDBI",NA,3445,"1030901128","杨亚滨",NA,1978-01-01,NA,NA,NA,0
"60","Apluda","Apluda mutica","Pakistan",NA,NA,"Balakot; Hazara, Kaghan/North-West Frontier Province",34.5,73.35,1995-09-12,"GBIF","GMBA","GMBA","GMBA","The Himalayan Uplands Plant database (HUP Version 1)",3000,"615266892","B.Dickoré (Coll. MSB)",NA,1995-09-12,"K. Lewejohann (2006)",NA,NA,0
"61","Apluda","Apluda mutica","Taiwan",NA,NA,"Lukang, Rokko",24.0525,120.423889,1970-08-01,"GBIF","TAI","TAI","TAI","TAI147081",3728,"891635596","Chang Sheng Kuoh 郭長生",NA,1970-08-01,"C.Hsu",NA,NA,0
"62","Apluda","Apluda mutica","Papua New Guinea","Morobe",NA,"Road 1, Bulolo, Wau Sub-district, Morobe District.",-7.17,146.67,1969-07-08,"GBIF","NSW","NSW","NSW","NSW",3466,"995892104","Streimann, A.","NGF44007",1969-07-08,NA,NA,NA,0
"63","Apluda","Apluda mutica","Indonesia",NA,NA,"Sekoli. Div. Hollandia.",-2.6333,140.4833,1960-02-16,"GBIF","CANB","CANB","CANB","CANB",3664,"993291512","Versteegh, Chr.","7543",1960-02-16,"Sánchez-Ken, J.G.",2003-03-01,NA,0
"64","Apluda","Apluda mutica","Taiwan",NA,NA,"Shangchi, Tyosokei",25.031389,121.856667,1932-09-25,"GBIF","TAI","TAI","TAI","TAI015573",3728,"891705991","I.Simozawa 下澤伊八郎",NA,1932-09-25,NA,NA,NA,0
"65","Apluda","Apluda mutica","Japan","Okinawa","Miyakojima Shi","",24.80544,125.28128,1973-11-04,"GBIF","NAC","NAC","NAC","VA",3660,"1828723372",NA,NA,1973-11-04,NA,NA,NA,0
"66","Apluda","Apluda mutica","Vanuatu",NA,NA,"Aneityum [Anatom] N. Hebrides [Vanuatu].",-20.1667,169.75,NA,"GBIF","MEL","MEL","MEL","MEL",3283,"995155154","Campbell, F.","10A",NA,"Gabriel Sanchez-Ken, J.",2003-08-01,NA,0
"67","Apluda","Apluda mutica","Taiwan",NA,NA,"Malan",22.766667,121.133333,1960-10-08,"GBIF","TAI","TAI","TAI","TAI134694",3728,"891644042","C.C.Hsu",NA,1960-10-08,NA,NA,NA,0
"68","Apluda","Apluda mutica","China","Guangxi Zhuangzu Zizhiqu",NA,"良丰农院附近",25.255089,110.050532,1952-01-01,"GBIF","IBK","IBK","IBK",NA,3699,"1030930072","梁畴芬",NA,1952-01-01,NA,NA,NA,0
"69","Apluda","Apluda mutica","Papua New Guinea",NA,NA,"Lower Ramu-Atitau Area, Madang District. Near Nagarubu, Keram River.",-4.1,144.0833,1958-08-20,"GBIF","CANB","CANB","CANB","CANB",3664,"993482723","Robbins, R.G.","1540",1958-08-20,"Sánchez-Ken, J.G.",2003-03-01,NA,0
"70","Apluda","Apluda mutica","Taiwan",NA,NA,"Chunlan",22.6925,120.474167,1955-02-11,"GBIF","TAI","TAI","TAI","TAI134687",3728,"891644048","Chien Chang Hsu 許建昌",NA,1955-02-11,NA,NA,NA,0
"71","Apluda","Apluda mutica","Pakistan",NA,NA,"Western Himalaya. Province: Marri. Locality: Mera to Marri.",29,69,1856-11-10,"GBIF","MEL","MEL","MEL","MEL",3283,"995155129","Schlagintweit","2/11563",1856-11-10,"Gabriel Sanchez-Ken, J.",2003-08-01,NA,0
"72","Apluda","Apluda mutica","Papua New Guinea",NA,NA,"Near Yogos village, lower Tale valley, Wabag Subdistrict, Western Highlands.",-5.6667,143.8167,1960-06-23,"GBIF","CANB","CANB","CANB","CANB",3664,"993729367","Hoogland, R.D.","6682",1960-06-23,"Sánchez-Ken, J.G.",2003-03-01,NA,0
"73","Apluda","Apluda mutica","Taiwan",NA,NA,"Hsinhua, Daibokuko",23.034444,120.300556,1929-08-23,"GBIF","TAI","TAI","TAI","TAI015588",3728,"891705988","Y.Yamamoto",NA,1929-08-23,NA,NA,NA,0
"74","Apluda","Apluda mutica","Japan","Okinawa",NA,"",24.36688,123.746315,2004-10-05,"GBIF","KPM","KPM","KPM","NA",3409,"388791387",NA,NA,2004-10-05,NA,NA,NA,0
"75","Apluda","Apluda mutica","Nepal",NA,NA,"",28.253008,83.938548,1952-10-12,"GBIF","NHMUK","NHMUK","NHMUK","BOT",2075,"1056329881","O.V. Polunin, W.R. Sykes & L.H.J. Williams","5596",1952-10-12,"Jorge Sánchez-Ken",NA,NA,0
"76","Apluda","Apluda mutica","New Caledonia",NA,NA,"Pouebo - Diahoue",-20.483333,164.683333,1981-01-01,"GBIF","Université de Strasbourg","Université de Strasbourg","Université de Strasbourg","CAL",1457,"931109711","Hoff M. - Releve Phytosociologique",NA,1981-01-01,NA,NA,NA,0
"77","Apluda","Apluda mutica","Taiwan",NA,NA,"Langtao-Tungching, Irarai-Ilnumilk",22.080278,121.526944,1954-08-01,"GBIF","TAI","TAI","TAI","TAI134664",3728,"891644060","L",NA,1954-08-01,NA,NA,NA,0
"78","Apluda","Apluda mutica","China","Yunnan Sheng",NA,"兰坪县北2km",26.453601,99.416689,1981-01-01,"GBIF","PE","PE","PE",NA,3713,"919543132","田 张",NA,1981-01-01,NA,NA,NA,0
"79","Apluda","Apluda mutica","China","Guangxi Zhuangzu Zizhiqu",NA,"乌冲乡",24.68123,105.334672,1956-01-01,"GBIF","IBK","IBK","IBK",NA,3699,"1030930054","韦占业",NA,1956-01-01,NA,NA,NA,0
"80","Apluda","Apluda mutica","Taiwan",NA,NA,"Kuanyinshan, Kwannonzan (Mt.Kwannon, Mt. Kwanyinshan, Mt. Kwannonzan, Mt. Kwannonan, Mt. Kwannon, Mt. Kwannomzan, Mt. Kwaninshan, Mt. Kwanin, Mt. Kuanyingshan, Mt. Kuanying, Mt. Kuannying, Mt. Kanon, Mt. Kannon, Kwanyinshan, Kwaninshan, Kuaninshan, Kuangy",25.134444,121.421667,NA,"GBIF","TAI","TAI","TAI","TAI134678",3728,"891644043","Suzuki 鈴木",NA,NA,NA,NA,NA,0
"81","Apluda","Apluda mutica","China","Yunnan Sheng",NA,"新街附近",25.722146,101.324329,1963-01-01,"GBIF","PE","PE","PE",NA,3713,"919565012","滇西北金沙江队",NA,1963-01-01,NA,NA,NA,0
"82","Apluda","Apluda mutica","Taiwan",NA,NA,"Lanyu, Orchid Is. (Botel Tobago, Kotosyo)",22.056389,121.514444,1911-06-15,"GBIF","TAI","TAI","TAI","TAI015457",3728,"891706090","Taiya Kawakami 川上瀧彌",NA,1911-06-15,NA,NA,NA,0
"83","Apluda","Apluda mutica","Taiwan",NA,NA,"Tungching, Iranu-Milksya",22.070556,121.551667,1972-09-20,"GBIF","TAI","TAI","TAI","TAI149114",3728,"891634326","C.M.Kuo 郭城孟",NA,1972-09-20,"C.M.Kuo 郭城孟",NA,NA,0
"84","Apluda","Apluda mutica","India",NA,NA,"Naini Tal Dt., Kathgodam - Bhimtal; Uttaranchal, Kumaon",29.3,79.53,2004-09-25,"GBIF","GMBA","GMBA","GMBA","The Himalayan Uplands Plant database (HUP Version 1)",3000,"615267040","B.Dickoré (Coll. MSB)",NA,2004-09-25,"K. Lewejohann",NA,NA,0
"85","Apluda","Apluda mutica","Taiwan",NA,NA,"Tainan to Chishan",22.998056,120.195556,1969-10-16,"GBIF","TAI","TAI","TAI","TAI134705",3728,"891644028","Chien Chang Hsu 許建昌",NA,1969-10-16,"C.Hsu",NA,NA,0
"86","Apluda","Apluda mutica","Vanuatu",NA,NA,"Aneityum [Anatom] N. Hebrides [Vanuatu].",-20.1667,169.75,NA,"GBIF","MEL","MEL","MEL","MEL",3283,"995155181","Campbell, F.A.","3A",NA,"Gabriel Sanchez-Ken, J.",2003-08-01,NA,0
"87","Apluda","Apluda mutica","China","Sichuan Sheng",NA,"平川",27.422643,101.509187,1976-01-01,"GBIF","CDBI","CDBI","CDBI",NA,3445,"1030901137","四川植被队",NA,1976-01-01,NA,NA,NA,0
"88","Apluda","Apluda mutica","Taiwan",NA,NA,"Shihpikeng, Sekihekiko",24.301667,120.773889,1924-07-03,"GBIF","TAI","TAI","TAI","TAI015437",3728,"891706080","S.Suzuki 鈴木重良",NA,1924-07-03,"A.T.Hsieh",NA,NA,0
"89","Apluda","Apluda mutica","Thailand",NA,NA,"Tak: Lahn Sahng",16.83,99.08,1974-12-27,"GBIF","K","K","K","Herbarium",3716,"912537041","Hiepko, P.; Geesink, R.; Phengklai, C.","7928",1974-12-27,NA,NA,NA,0
"90","Apluda","Apluda mutica","Taiwan",NA,NA,"Liukueitsu, Rokkwaiseki",22.655556,120.441944,1934-10-31,"GBIF","TAI","TAI","TAI","TAI257126",3728,"891588822","S.Suzuki 鈴木重良",NA,1934-10-31,NA,NA,NA,0
"91","Apluda","Apluda mutica","Taiwan",NA,NA,"Shoufeng, Kotobukimura",23.866111,121.504444,1933-08-27,"GBIF","TAI","TAI","TAI","TAI257114",3728,"891588873","Yoshimatsu Yamamoto 山本由松",NA,1933-08-27,NA,NA,NA,0
"92","Apluda","Apluda mutica","China","Sichuan Sheng",NA,"",27.928607,101.279419,1978-01-01,"GBIF","CDBI","CDBI","CDBI",NA,3445,"1030869639","赵清盛",NA,1978-01-01,NA,NA,NA,0
"93","Apluda","Apluda mutica","Papua New Guinea","East Sepik",NA,"Angoram, East Sepik Province.",-4.0667,144.0667,1985-10-01,"GBIF","CANB","CANB","CANB","CANB",3664,"993448954","Harkink, L.","54",1985-10-01,"Sánchez-Ken, J.G.",2003-03-01,NA,0
"94","Apluda","Apluda mutica","China","Guangxi Zhuangzu Zizhiqu",NA,"桠杈洞子",24.68123,105.334672,1987-01-01,"GBIF","IBK","IBK","IBK",NA,3699,"1030914926","唐绍清等",NA,1987-01-01,NA,NA,NA,0
"95","Apluda","Apluda mutica","China","Guangxi Zhuangzu Zizhiqu",NA,"",23.9022,106.618742,1955-01-01,"GBIF","CDBI","CDBI","CDBI",NA,3445,"1030901050","四川经济植物考察队",NA,1955-01-01,NA,NA,NA,0
"96","Apluda","Apluda mutica","China","Guangxi Zhuangzu Zizhiqu",NA,"大湾塘古罗峡",24.608601,110.801078,1947-01-01,"GBIF","IBSC","IBSC","IBSC",NA,3815,"1303892111","邓志农",NA,1947-01-01,NA,NA,NA,0
"97","Apluda","Apluda mutica","Australia","Queensland",NA,"Mer (Murray) Island, Torres Strait.  Western end of Mer township.",-9.9167,144.0522,2000-09-07,"GBIF","CANB","CANB","CANB","CANB",3664,"993494672","Waterhouse, B.M.","6025",2000-09-07,"Hucks, L.",NA,NA,0
"98","Apluda","Apluda mutica","Taiwan",NA,NA,"Tainan to Chishan",22.998056,120.195556,1969-10-16,"GBIF","TAI","TAI","TAI","TAI134706",3728,"891644046","Chien Chang Hsu 許建昌",NA,1969-10-16,"C.Hsu",NA,NA,0
"99","Apluda","Apluda mutica","China","Sichuan Sheng",NA,"丁冬沟山沟中部",27.928607,101.279419,1978-01-01,"GBIF","CDBI","CDBI","CDBI",NA,3445,"1030901078","赵清盛、杨亚滨等",NA,1978-01-01,NA,NA,NA,0
"100","Apluda","Apluda mutica","China","Jiangxi Sheng",NA,"文英近郊",25.681882,114.30827,1965-01-01,"GBIF","LBG","LBG","LBG",NA,3452,"1030732265","聂敏祥 户相恒 宋学德 余水良",NA,1965-01-01,NA,NA,NA,0
"101","Apluda","Apluda mutica","Oman",NA,NA,"Edge of Jebel c. 5 km behind Taqah, near roadside",17.033333,54.433333,1984-10-17,"GBIF","E","E","E","E",3550,"574873108","McLeish, Ian M.","212",1984-10-17,NA,NA,NA,0
"102","Apluda","Apluda mutica","Taiwan",NA,NA,"Hengchun, Kosyun",22.003611,120.734722,1933-12-24,"GBIF","TAI","TAI","TAI","TAI257112",3728,"891588853","S.Suzuki 鈴木重良",NA,1933-12-24,NA,NA,NA,0
"103","Apluda","Apluda mutica","Pakistan",NA,NA,"Takht-i-Bai, Peshawar NE; Punjab/North-West Frontier Province",34.17,71.77,1995-09-20,"GBIF","GMBA","GMBA","GMBA","The Himalayan Uplands Plant database (HUP Version 1)",3000,"615266894","B.Dickoré (Coll. MSB)",NA,1995-09-20,"K. Lewejohann (2006)",NA,NA,0
"104","Apluda","Apluda mutica","China","Hainan Sheng",NA,"尖峰山，近放牛坡",18.252013,109.504134,1935-01-01,"GBIF","IBSC","IBSC","IBSC",NA,3815,"1303941252","Lau,S.K.",NA,1935-01-01,NA,NA,NA,0
"105","Apluda","Apluda mutica","China","Guangdong Sheng",NA,"洪连洞",25.22845,113.217309,1930-01-01,"GBIF","IBSC","IBSC","IBSC",NA,3815,"1303892126","陈念劬",NA,1930-01-01,NA,NA,NA,0
"106","Apluda","Apluda mutica","India",NA,NA,"INDIA: Uttar Pradesh, Varanasi, Air Port. 25°22' N, 83°00' E. Alt. c. 100 m.",25.366667,83,1992-10-07,"GBIF","SNSB-M","SNSB-M","SNSB-M","BSMfungicoll",1972,"1098953005","Vánky, K.",NA,1992-10-07,NA,NA,NA,0
"107","Apluda","Apluda mutica","Taiwan",NA,NA,"Yangmingshan, Sozan (Mt. Sozan)",25.136944,121.543333,1960-10-02,"GBIF","TAI","TAI","TAI","TAI134682",3728,"891644070","C.C.Hsu",NA,1960-10-02,NA,NA,NA,0
"108","Apluda","Apluda mutica","Taiwan",NA,NA,"Peitou, Hokuto (Hokutosyo, Hokutosho, Hokto, Hokotosyo, Hakuto)",25.128333,121.495,1932-06-26,"GBIF","TAI","TAI","TAI","TAI134672",3728,"891644068","S.Suzuki 鈴木重良",NA,1932-06-26,NA,NA,NA,0
"109","Apluda","Apluda mutica","Australia","Queensland",NA,"Darnley Island, Torres Strait.",-9.5975,143.7717,2002-05-21,"GBIF","CANB","CANB","CANB","CANB",3664,"993504008","Waterhouse, B.M.","6391",2002-05-21,"Waterhouse, B.M.",NA,NA,0
"110","Apluda","Apluda mutica","Taiwan",NA,NA,"Lanyu, Orchid Is. (Botel Tobago, Kotosyo)",22.056389,121.514444,NA,"GBIF","TAI","TAI","TAI","TAI015455",3728,"891706063","S.Sasaki 佐佐木舜一",NA,NA,NA,NA,NA,0
"111","Apluda","Apluda mutica","China","Yunnan Sheng",NA,"营盘公社",26.453601,99.416689,1981-01-01,"GBIF","PE","PE","PE",NA,3713,"919565019","北京植物所横断山队",NA,1981-01-01,NA,NA,NA,0
"112","Apluda","Apluda mutica","Taiwan","Taiwan","Taitung","Chintsun",22.933333,121.25,NA,"GBIF","TAIF","TAIF","TAIF","PLANT",3231,"1821786089","Pei-Hsuan Lee",NA,NA,"Pei-Hsuan Lee",2003-10-14,NA,0
"113","Apluda","Apluda mutica","Taiwan",NA,NA,"Shihpikeng, Sekihekiko",24.301667,120.773889,1922-12-16,"GBIF","TAI","TAI","TAI","TAI026355",3728,"891697518","S.Suzuki 鈴木重良",NA,1922-12-16,"Wai-Chao Leong",NA,NA,0
"114","Apluda","Apluda mutica","India","Rajasthan",NA,"Sariska TR",27.364386,76.412273,1985-11-01,"GBIF","WII","WII","WII","PlantsofWII",3551,"685751369","W.A. Rodgers",NA,1985-11-01,"W.A. Rodgers",1985-11-01,NA,0
"115","Apluda","Apluda mutica","Taiwan",NA,NA,"Tapang, Tappansya",23.455556,120.743333,1972-08-20,"GBIF","TAI","TAI","TAI","TAI147831",3728,"891635084","Chang Sheng Kuoh 郭長生",NA,1972-08-20,"C.Hsu",NA,NA,0
"116","Apluda","Apluda mutica","Taiwan",NA,NA,"Suidotyo (Suitocho)",25.0075,121.53,1927-05-12,"GBIF","TAI","TAI","TAI","TAI015431",3728,"891706152","S.Suzuki 鈴木重良",NA,1927-05-12,NA,NA,NA,0
"117","Apluda","Apluda mutica","China","Yunnan Sheng",NA,"南沙",23.219942,102.835218,1974-01-01,"GBIF","PE","PE","PE",NA,3713,"919565035","绿春队",NA,1974-01-01,NA,NA,NA,0
"118","Apluda","Apluda mutica","China","Guangdong Sheng",NA,"温塘山三聖社",24.186045,113.415062,1931-01-01,"GBIF","IBK","IBK","IBK",NA,3699,"1030930125","梁向日",NA,1931-01-01,NA,NA,NA,0
"119","Apluda","Apluda mutica","Australia","Queensland",NA,"Blue Mountains, Gladstone. [The locality Gladstone is much further S, in the Port Curtis district. There is a Gladstone Mine in the Cook district, but it is still c. 4 degrees further S from the Blue Mountains.]",-13.5667,143.2167,NA,"GBIF","MEL","MEL","MEL","MEL",3283,"995041699","[unknown]","32",NA,"Stajsic, V.",2001-12-19,NA,0
"120","Apluda","Apluda mutica","Oman",NA,NA,"1.5 km SW of Ghadaw, Western Jabal Qara",17.116667,53.983333,1986-09-24,"GBIF","E","E","E","E",3550,"575130658","Dalibard, C. & Whitcombe, R.P.","21",1986-09-24,NA,NA,NA,0
"121","Apluda","Apluda mutica","Taiwan",NA,NA,"Hsiaolanyu, Shokotosho",21.949722,121.612222,1926-06-10,"GBIF","TAI","TAI","TAI","TAI015456",3728,"891706098","Syuniti Sasaki 佐佐木舜一",NA,1926-06-10,NA,NA,NA,0
"122","Apluda","Apluda mutica","Afghanistan",NA,NA,"5 km NE of Khost toward Yaqubi; E Afghanistan/Velāyat-e Paktīā",33.37,69.95,1971-09-20,"GBIF","GMBA","GMBA","GMBA","The Himalayan Uplands Plant database (HUP Version 1)",3000,"615267019","O.Volk (Coll. MSB, TUH)",NA,1971-09-20,NA,NA,NA,0
"123","Apluda","Apluda mutica","Taiwan",NA,NA,"Suigenchi (Suigenchii, Suigechi, Sugenchi, Biihunyama Suigenti, Biihunyama Suigenchi)",25.0075,121.53,1924-11-11,"GBIF","TAI","TAI","TAI","TAI015435",3728,"891706106","Sigeyosi Suzuki 鈴木重良",NA,1924-11-11,NA,NA,NA,0
"124","Apluda","Apluda mutica","Taiwan","Taiwan","Pingtung","Chialeshui",22,120.866667,NA,"GBIF","TAIF","TAIF","TAIF","TAIF229463",3231,"190036047",NA,NA,NA,"Her-Long Chiang",NA,NA,0
"125","Apluda","Apluda mutica","India","Uttarakhand",NA,"Dhaulkhand, Rajaji NP",30.080235,77.916069,1985-01-01,"GBIF","WII","WII","WII","PlantsofWII",3551,"685751376","W.A. Rodgers",NA,1985-01-01,"W.A. Rodgers",1985-01-01,NA,0
"126","Apluda","Apluda mutica","India","West Bengal",NA,"Chandernagore [= Chandannagar].",22.85,88.35,1902-08-01,"GBIF","MEL","MEL","MEL","MEL",3283,"995155890","Abu Hosein","s.n.",1902-08-01,"Gabriel Sanchez-Ken, J.",2003-08-01,NA,0
"127","Apluda","Apluda mutica","Papua New Guinea",NA,NA,"Marok village, Aitape subdistrict, Sepik District.",-3.1917,142.2611,1961-06-08,"GBIF","CANB","CANB","CANB","CANB",3664,"993750215","Darbyshire, P.J.","7891",1961-06-08,"Sánchez-Ken, J.G.",2003-03-01,NA,0
"128","Apluda","Apluda mutica","Taiwan",NA,NA,"Ssuchungchi, Sizyukei",22.099167,120.748056,1960-10-10,"GBIF","TAI","TAI","TAI","TAI134669",3728,"891644064","C.C.Hsu",NA,1960-10-10,NA,NA,NA,0
"129","Apluda","Apluda mutica","Taiwan",NA,NA,"Kuanyinshan, Kwannonzan (Mt.Kwannon, Mt. Kwanyinshan, Mt. Kwannonzan, Mt. Kwannonan, Mt. Kwannon, Mt. Kwannomzan, Mt. Kwaninshan, Mt. Kwanin, Mt. Kuanyingshan, Mt. Kuanying, Mt. Kuannying, Mt. Kanon, Mt. Kannon, Kwanyinshan, Kwaninshan, Kuaninshan, Kuangy",25.134444,121.421667,1959-07-09,"GBIF","TAI","TAI","TAI","TAI134671",3728,"891644061","C.C.Hsu",NA,1959-07-09,NA,NA,NA,0
"130","Apluda","Apluda mutica","China","Hunan Sheng",NA,"栗源堡古竹",25.39996,112.948819,1942-01-01,"GBIF","IBK","IBK","IBK",NA,3699,"1030930109","陈少卿",NA,1942-01-01,NA,NA,NA,0
"131","Apluda","Apluda mutica","Thailand",NA,NA,"Thailand; Chaiyaphum; Tunkamang",16.3333,101.75,1971-12-15,"GBIF","BPBM","BPBM","BPBM","BISH",1838,"1090347087","van Beusekom, C.F. Geesink, B.; Phengkhlai, C.; Wongwan, B.","Collector Number: 4330",1971-12-15,NA,NA,NA,0
"132","Apluda","Apluda mutica","India",NA,NA,"",22.883478,79.616202,1815-10-01,"GBIF","NHMUK","NHMUK","NHMUK","BOT",2075,"1056252592","William Roxburgh","1008",1815-10-01,"Jorge Sánchez-Ken",NA,NA,0
"133","Apluda","Apluda mutica","China","Guangxi Zhuangzu Zizhiqu",NA,"雁山植物所",25.255089,110.050532,1959-01-01,"GBIF","IBK","IBK","IBK",NA,3699,"1030930076","廖民安",NA,1959-01-01,NA,NA,NA,0
"134","Apluda","Apluda mutica","New Caledonia",NA,NA,"Vallee de la Koumac",-20.516667,164.366667,1981-01-01,"GBIF","Université de Strasbourg","Université de Strasbourg","Université de Strasbourg","CAL",1457,"931123994","Hoff M. - Releve Phytosociologique",NA,1981-01-01,NA,NA,NA,0
"135","Apluda","Apluda mutica","Papua New Guinea","East Sepik",NA,"Lowan Village.",-3.3858,143.1597,2006-11-01,"GBIF","CANB","CANB","CANB","CANB",3664,"993621362","Waterhouse, B.M.","7441",2006-11-01,"Waterhouse, B.M.",NA,NA,0
"136","Apluda","Apluda mutica","Papua New Guinea",NA,NA,"Near Mount Obree.",-9.5,148,1887-07-01,"GBIF","MEL","MEL","MEL","MEL",3283,"995155407","Hartmann, C.","s.n.",1887-07-01,"Gabriel Sanchez-Ken, J.",2003-08-01,NA,0
"137","Apluda","Apluda mutica","China","Guangdong Sheng",NA,"北乡枫树下",25.22845,113.217309,1942-01-01,"GBIF","IBSC","IBSC","IBSC",NA,3815,"1303892110","陈少卿",NA,1942-01-01,NA,NA,NA,0
"138","Apluda","Apluda mutica","Papua New Guinea",NA,NA,"Near Yogos village, lower Tale valley, Wabag Subdistrict, Western Highlands.",-5.6667,143.8167,1960-06-23,"GBIF","CANB","CANB","CANB","CANB",3664,"993729319","Hoogland, R.D.","6682",1960-06-23,"Sánchez-Ken, J.G.",2003-03-01,NA,0
"139","Apluda","Apluda mutica","Taiwan",NA,NA,"Anshu, Alowei",22.296667,120.859444,1960-10-09,"GBIF","TAI","TAI","TAI","TAI134695",3728,"891644027","C.C.Hsu",NA,1960-10-09,NA,NA,NA,0
"140","Apluda","Apluda mutica","Taiwan",NA,NA,"Fengyuan, Toyoharagun",24.242778,120.705,1938-04-08,"GBIF","TAI","TAI","TAI","TAI257133",3728,"891588811","Yamamoto",NA,1938-04-08,NA,NA,NA,0
"141","Apluda","Apluda mutica","India","Assam",NA,"Kaziranga NP",26.655537,93.382529,1986-01-01,"GBIF","WII","WII","WII","PlantsofWII",3551,"685751371","W.A. Rodgers",NA,1986-01-01,"W.A. Rodgers",1986-01-01,NA,0
"142","Apluda","Apluda mutica","Nepal",NA,NA,"",28.253008,83.938548,1954-10-24,"GBIF","NHMUK","NHMUK","NHMUK","BOT",2075,"1055780038","O.V. Polunin, W.R. Sykes & L.H.J. Williams","5872",1954-10-24,"Jorge Sánchez-Ken",NA,NA,0
"143","Apluda","Apluda mutica","Oman",NA,NA,"Zeak",17.25,54.15,1981-10-26,"GBIF","E","E","E","E",3550,"575119376","Maconochie, J.R.","2883",1981-10-26,NA,NA,NA,0
"144","Apluda","Apluda mutica","China","Yunnan Sheng",NA,"华营公社北2km",25.584234,100.222124,1981-01-01,"GBIF","PE","PE","PE",NA,3713,"919543089","汤宗孝 田效文 张正华",NA,1981-01-01,NA,NA,NA,0
"145","Apluda","Apluda mutica","Taiwan",NA,NA,"Neipu",24.3,120.704167,1968-07-19,"GBIF","TAI","TAI","TAI","TAI134704",3728,"891644016","Chien Chang Hsu 許建昌",NA,1968-07-19,"C.Hsu",NA,NA,0
"146","Apluda","Apluda mutica","Nepal",NA,NA,"",28.253008,83.938548,1954-10-06,"GBIF","NHMUK","NHMUK","NHMUK","BOT",2075,"1055458420","O.V. Polunin, W.R. Sykes & L.H.J. Williams","8774",1954-10-06,"Jorge Sánchez-Ken",NA,NA,0
"147","Apluda","Apluda mutica","Taiwan",NA,NA,"Hungtou-Yehyu (Yejou)",22.031667,121.551944,1968-08-28,"GBIF","TAI","TAI","TAI","TAI134692",3728,"891644041","Chien Chang Hsu 許建昌",NA,1968-08-28,"C.Hsu",NA,NA,0
"148","Apluda","Apluda mutica","Yemen",NA,NA,"Al-Mahra. track from Hawf towards NE up to the first plateau.",16.65,53.033333,1999-11-22,"GBIF","B","B","B","Herbarium Berolinense",3617,"911745453","N. Kilian, S. O. Bahah, S. M. A. Bashmeilah, S. Ghoufaly, P. Hein, S. A. S. Kodah & A. S. Al-Shameili",NA,1999-11-22,"H. Scholz",NA,NA,0
"149","Apluda","Apluda mutica","China","Yunnan Sheng",NA,"兰坪县北2km",26.453601,99.416689,1981-01-01,"GBIF","PE","PE","PE",NA,3713,"919543102","汤宗孝 田效文 张正华",NA,1981-01-01,NA,NA,NA,0
"150","Apluda","Apluda mutica","Taiwan",NA,NA,"Suidotyo (Suitocho)",25.0075,121.53,1932-11-25,"GBIF","TAI","TAI","TAI","TAI015428",3728,"891706121","Sigeyosi Suzuki 鈴木重良",NA,1932-11-25,"C.C.Hsu",NA,NA,0
"151","Apluda","Apluda mutica","Taiwan",NA,NA,"Chiali",23.169444,120.162222,1941-09-17,"GBIF","TAI","TAI","TAI","TAI015448",3728,"891706103","森本林",NA,1941-09-17,NA,NA,NA,0
"152","Apluda","Apluda mutica","China","Guangxi Zhuangzu Zizhiqu",NA,"马鞍山",24.518994,107.410176,1939-01-01,"GBIF","IBK","IBK","IBK",NA,3699,"1030930090","陈立卿",NA,1939-01-01,NA,NA,NA,0
"153","Apluda","Apluda mutica","Papua New Guinea",NA,NA,"Central District, Abau Subdistrict, ca. 12 km N of Amazon Bay, S of Nunumai village.",-10.1833,149.3833,1969-06-15,"GBIF","CANB","CANB","CANB","CANB",3664,"993187875","Kanis, A.","1022",1969-06-15,"Sánchez-Ken, J.G.",2003-03-01,NA,0
"154","Apluda","Apluda mutica","China","Guangdong Sheng",NA,"温塘山三聖社",24.186045,113.415062,1931-01-01,"GBIF","IBK","IBK","IBK",NA,3699,"1030930083","梁向日",NA,1931-01-01,NA,NA,NA,0
"155","Apluda","Apluda mutica","China","Yunnan Sheng",NA,"城郊",24.35821,102.748636,1975-01-01,"GBIF","CDBI","CDBI","CDBI",NA,3445,"1030901089","邱炳云",NA,1975-01-01,NA,NA,NA,0
"156","Apluda","Apluda mutica","Nepal",NA,NA,"Below Thulo Syabru, near Pauro Khola",28.140833,85.371111,2001-10-11,"GBIF","E","E","E","E",3550,"574940933","Edinburgh Nepal Expedition (2001)","342",2001-10-11,NA,NA,NA,0
"157","Apluda","Apluda mutica","Taiwan",NA,NA,"Hungtoushan, Mt. Koto",22.057778,121.533889,1954-08-05,"GBIF","TAI","TAI","TAI","TAI134697",3728,"891644054","L",NA,1954-08-05,NA,NA,NA,0
"158","Apluda","Apluda mutica","New Caledonia",NA,NA,"Pouebo - Diahoue",-20.483333,164.683333,1981-01-01,"GBIF","Université de Strasbourg","Université de Strasbourg","Université de Strasbourg","CAL",1457,"931110011","Hoff M. - Releve Phytosociologique",NA,1981-01-01,NA,NA,NA,0
"159","Apluda","Apluda mutica","India",NA,NA,"",22.883478,79.616202,1815-10-01,"GBIF","NHMUK","NHMUK","NHMUK","BOT",2075,"1055417942","William Roxburgh","1008",1815-10-01,"Jorge Sánchez-Ken",NA,NA,0
"160","Apluda","Apluda mutica","Taiwan",NA,NA,"Kuanyinshan, Kwannonzan (Mt.Kwannon, Mt. Kwanyinshan, Mt. Kwannonzan, Mt. Kwannonan, Mt. Kwannon, Mt. Kwannomzan, Mt. Kwaninshan, Mt. Kwanin, Mt. Kuanyingshan, Mt. Kuanying, Mt. Kuannying, Mt. Kanon, Mt. Kannon, Kwanyinshan, Kwaninshan, Kuaninshan, Kuangy",25.134444,121.421667,1959-07-09,"GBIF","TAI","TAI","TAI","TAI257132",3728,"891588860","C.C.Hsu",NA,1959-07-09,"C.C.Hsu",NA,NA,0
"161","Apluda","Apluda mutica","Taiwan",NA,NA,"Kenting Park, Kengting Park",21.964722,120.806111,1960-01-08,"GBIF","TAI","TAI","TAI","TAI134684",3728,"891644052","T.I.Chuang 莊燦陽",NA,1960-01-08,NA,NA,NA,0
"162","Apluda","Apluda mutica","China","Yunnan Sheng",NA,"S of Dukou (Sichuan Prov.), ca. 60 km, SSE of Yongding (Yongren) ca. 25 km on rd. to Yaunmao, ca. 130 km NW of Kunming.",25.75,101.83,1997-10-19,"GBIF","US","US","US","Botany",3271,"1319273014","R. J. Soreng, P. M. Peterson & -. Sun Hang","5730",1997-10-19,NA,NA,NA,0
"163","Apluda","Apluda mutica","Taiwan",NA,NA,"Liukueitsu, Rokkwaiseki",22.655556,120.441944,1934-10-31,"GBIF","TAI","TAI","TAI","TAI134666",3728,"891644089","S.Suzuki 鈴木重良",NA,1934-10-31,NA,NA,NA,0
"164","Apluda","Apluda mutica","Afghanistan",NA,NA,"Qasemabad, 2 km N Jalalabad; E Afghanistan/Velāyat-e Nangarhār",34.45,70.47,1970-10-20,"GBIF","GMBA","GMBA","GMBA","The Himalayan Uplands Plant database (HUP Version 1)",3000,"615267034","O.Anders (Coll. MSB, PE, S)",NA,1970-10-20,NA,NA,NA,0
"165","Apluda","Apluda mutica","Sri Lanka",NA,NA,"Ceylon.",7,81,NA,"GBIF","MEL","MEL","MEL","MEL",3283,"995155482","[unknown]","s.n.",NA,"Gabriel Sanchez-Ken, J.",2003-08-01,NA,0
"166","Apluda","Apluda mutica","Taiwan",NA,NA,"Dong Hwa Univ",24.411944,121.443611,NA,"GBIF","TAIF","TAIF","TAIF","PLANT",3231,"1821845926","Tien-Tsai Chen",NA,NA,"Tien-Tsai Chen",NA,NA,0
"167","Apluda","Apluda mutica","China","Yunnan Sheng",NA,"老？寨——南溪",22.529465,103.939279,1956-01-01,"GBIF","PE","PE","PE",NA,3713,"919564968","中苏联合云南考察团",NA,1956-01-01,NA,NA,NA,0
"168","Apluda","Apluda mutica","China","Sichuan Sheng",NA,"抓抓岩",28.262715,103.571742,1976-01-01,"GBIF","CDBI","CDBI","CDBI",NA,3445,"1030901138","四川植被队",NA,1976-01-01,NA,NA,NA,0
"169","Apluda","Apluda mutica","Pakistan",NA,NA,"",29.967023,69.385967,1952-08-14,"GBIF","NHMUK","NHMUK","NHMUK","BOT",2075,"1056315375","Stewart","24405",1952-08-14,"Jorge Sánchez-Ken",NA,NA,0
"170","Apluda","Apluda mutica","Taiwan",NA,NA,"Yangmingshan, Sozan (Mt. Sozan)",25.136944,121.543333,1930-06-29,"GBIF","TAI","TAI","TAI","TAI134681",3728,"891644062","Hosokawa 細川",NA,1930-06-29,NA,NA,NA,0
"171","Apluda","Apluda mutica","Taiwan",NA,NA,"Shoufeng, Kotobukimura",23.866111,121.504444,1933-08-27,"GBIF","TAI","TAI","TAI","TAI257115",3728,"891588857","Yoshimatsu Yamamoto 山本由松",NA,1933-08-27,NA,NA,NA,0
"172","Apluda","Apluda mutica","India",NA,NA,"",22.883478,79.616202,NA,"GBIF","NHMUK","NHMUK","NHMUK","BOT",2075,"1056232119","Person String; Roxburgh","s.n.",NA,"Jorge Sánchez-Ken; Sánchez-Ken",NA,NA,0
"173","Apluda","Apluda mutica","China","Yunnan Sheng",NA,"新街公社附近",25.722146,101.324329,1963-01-01,"GBIF","PE","PE","PE",NA,3713,"919564993","滇西北金沙江队",NA,1963-01-01,NA,NA,NA,0
"174","Apluda","Apluda mutica","Oman",NA,NA,"Oman, Dhofar, Taquah. Way to Wadi Darbat, 17,070599 N, 54,446298 E",17.07056,54.44639,2015-09-27,"GBIF","W","W","W","Herbarium W",3736,"1701352182","Escobar García,P.",NA,2015-09-27,"P. Escobar García",NA,NA,0
"175","Apluda","Apluda mutica","India","Uttar Pradesh",NA,"Dudhwa NP",28.504358,80.702788,1986-12-01,"GBIF","WII","WII","WII","PlantsofWII",3551,"685751377","W.A. Rodgers",NA,1986-12-01,"W.A. Rodgers",1986-12-01,NA,0
"176","Apluda","Apluda mutica","New Caledonia",NA,NA,"Pouebo - Diahoue",-20.483333,164.683333,1981-01-01,"GBIF","Université de Strasbourg","Université de Strasbourg","Université de Strasbourg","CAL",1457,"931109682","Hoff M. - Releve Phytosociologique",NA,1981-01-01,NA,NA,NA,0
"177","Apluda","Apluda mutica","China","Yunnan Sheng",NA,"南沙至红河桥",23.219942,102.835218,1973-01-01,"GBIF","PE","PE","PE",NA,3713,"919564950","陶德定",NA,1973-01-01,NA,NA,NA,0
"178","Apluda","Apluda mutica","India","Kerala",NA,"Parambikulam WLS",10.421652,76.744542,1988-02-01,"GBIF","WII","WII","WII","PlantsofWII",3551,"685751370","W.A. Rodgers",NA,1988-02-01,"W.A. Rodgers",1988-02-01,NA,0
"179","Apluda","Apluda mutica","China","Yunnan Sheng",NA,"Nu Shan, Xiahewang Village, 12 km W of Wayao and the Lancang Jiang (Mekong Rv.) on the road to Liuku, 100 km W of Xiaguan & Dali",25.42,99.17,1997-09-07,"GBIF","US","US","US","Botany",3271,"1321765752","R. J. Soreng, P. M. Peterson & -. Sun Hang","5215",1997-09-07,NA,NA,NA,0
"180","Apluda","Apluda mutica","Australia","Queensland",NA,"MER (MURRAY ISLAND) IN TORRES STRAIT.",-9.91800743197014,144.04081761392,2003-05-12,"GBIF","BRI","BRI","BRI","Herbrecs",3662,"1652211757","Wannan, B.S.","2883",2003-05-12,NA,NA,NA,0
"181","Apluda","Apluda mutica","China","Guangdong Sheng",NA,"第五区",24.813781,113.184435,1936-01-01,"GBIF","IBK","IBK","IBK",NA,3699,"1030930052","李耀",NA,1936-01-01,NA,NA,NA,0
"182","Apluda","Apluda mutica","Japan","Okinawa","Ishigaki-shi","",24.392703,124.206508,1973-07-08,"GBIF","KPM","KPM","KPM","NA",3409,"388791216",NA,NA,1973-07-08,NA,NA,NA,0
"183","Apluda","Apluda mutica","China","Guangxi Zhuangzu Zizhiqu",NA,"龙坪大队为真一带",24.095943,110.991129,1958-01-01,"GBIF","IBK","IBK","IBK",NA,3699,"1030930149","李荫昆",NA,1958-01-01,NA,NA,NA,0
"184","Apluda","Apluda mutica","Taiwan",NA,NA,"Chihpen Hot Spring",22.696111,120.996944,1958-08-10,"GBIF","TAI","TAI","TAI","TAI134663",3728,"891644082","T.I.Chuang 莊燦陽",NA,1958-08-10,NA,NA,NA,0
"185","Apluda","Apluda mutica","India",NA,NA,"",22.883478,79.616202,1954-10-29,"GBIF","NHMUK","NHMUK","NHMUK","BOT",2075,"1056310085","O.V. Polunin, W.R. Sykes & L.H.J. Williams","9197",1954-10-29,"Jorge Sánchez-Ken",NA,NA,0
"186","Apluda","Apluda mutica","China","Yunnan Sheng",NA,"下阳至公傍营",25.827253,100.575146,1946-01-01,"GBIF","PE","PE","PE",NA,3713,"919564989","刘慎谔",NA,1946-01-01,NA,NA,NA,0
"187","Apluda","Apluda mutica","Indonesia",NA,NA,"Kebar Valley, Western Division, Netherlands New Guinea.",-0.7333,133.1167,1958-11-05,"GBIF","CANB","CANB","CANB","CANB",3664,"993741924","Schram, F.A.W.","BW 7901",1958-11-05,"Sánchez-Ken, J.G.",2003-03-01,NA,0
"188","Apluda","Apluda mutica","Taiwan",NA,NA,"Lanyu, Orchid Is. (Botel Tobago, Kotosyo)",22.056389,121.514444,1911-06-08,"GBIF","TAI","TAI","TAI","TAI015453",3728,"891706128","S.Sasaki 佐佐木舜一",NA,1911-06-08,NA,NA,NA,0
"189","Apluda","Apluda mutica","Taiwan",NA,NA,"Lanyu, Orchid Is. (Botel Tobago, Kotosyo)",22.056389,121.514444,1935-07-04,"GBIF","TAI","TAI","TAI","TAI134675",3728,"891644039","S.Sasaki 佐佐木舜一",NA,1935-07-04,NA,NA,NA,0
"190","Apluda","Apluda mutica","Taiwan",NA,NA,"Yangmingshan-Peitou, Sozan-Hokuto",25.138889,121.516389,1936-02-09,"GBIF","TAI","TAI","TAI","TAI134700",3728,"891644038","清水",NA,1936-02-09,NA,NA,NA,0
"191","Apluda","Apluda mutica","Taiwan",NA,NA,"Michan",23.983333,121.6,NA,"GBIF","TAIF","TAIF","TAIF","PLANT",3231,"1821845742","Tien-Tsai Chen",NA,NA,"Tien-Tsai Chen",NA,NA,0
"192","Apluda","Apluda mutica","China","Guangdong Sheng",NA,"三圣社",24.186045,113.415062,1931-01-01,"GBIF","IBSC","IBSC","IBSC",NA,3815,"1303855829","梁向日",NA,1931-01-01,NA,NA,NA,0
"193","Apluda","Apluda mutica","China","Guangxi Zhuangzu Zizhiqu",NA,"大青山顶",22.391288,106.817838,1957-01-01,"GBIF","IBK","IBK","IBK",NA,3699,"1030930078","陈少卿",NA,1957-01-01,NA,NA,NA,0
"194","Apluda","Apluda mutica","China","Fujian Sheng","Xiamen Shi","曾广坡",24.479669,118.089767,1936-01-01,"GBIF","IBSC","IBSC","IBSC",NA,3815,"1303941410","赵修谦",NA,1936-01-01,NA,NA,NA,0
"195","Apluda","Apluda mutica","New Caledonia",NA,NA,"Gomen Toela.",-20.6667,164.3667,1978-04-13,"GBIF","CANB","CANB","CANB","CANB",3664,"993509918","MacKee, H.S.","34963",1978-04-13,NA,NA,NA,0
"196","Apluda","Apluda mutica","Taiwan",NA,NA,"Muchihshan, Mt. Boshi (Mt. Bosizan, Mt. Bosi)",25.031389,121.584444,1931-10-17,"GBIF","TAI","TAI","TAI","TAI015438",3728,"891706086","Sigeyosi Suzuki 鈴木重良",NA,1931-10-17,NA,NA,NA,0
"197","Apluda","Apluda mutica","Papua New Guinea","Morobe",NA,"Morobe province; near Busu.",-6.5167,146.9333,1990-05-05,"GBIF","CANB","CANB","CANB","CANB",3664,"993465610","Takeuchi, W.","5657",1990-05-05,"Takeuchi, W.",NA,NA,0
"198","Apluda","Apluda mutica","Taiwan",NA,NA,"Chialeshui",22,120.866667,NA,"GBIF","TAIF","TAIF","TAIF","PLANT",3231,"1821903529",NA,NA,NA,"Her-Long Chiang",1982-10-10,NA,0
"199","Apluda","Apluda mutica","India",NA,NA,"",22.883478,79.616202,1894-10-07,"GBIF","NHMUK","NHMUK","NHMUK","BOT",2075,"1055685504","Abdul K. Nasher","1170",1894-10-07,"Jorge Sánchez-Ken",NA,NA,0
"200","Apluda","Apluda mutica","China","Sichuan Sheng",NA,"三区东子公社",27.928607,101.279419,1978-01-01,"GBIF","CDBI","CDBI","CDBI",NA,3445,"1030901102","赵清盛",NA,1978-01-01,NA,NA,NA,0
"201","Apluda","Apluda mutica","Taiwan",NA,NA,"Suigenchi (Suigenchii, Suigechi, Sugenchi, Biihunyama Suigenti, Biihunyama Suigenchi)",25.0075,121.53,1929-05-12,"GBIF","TAI","TAI","TAI","TAI015441",3728,"891706122","Sigeyosi Suzuki 鈴木重良",NA,1929-05-12,NA,NA,NA,0
"202","Apluda","Apluda mutica","India",NA,NA,"",22.883478,79.616202,NA,"GBIF","NHMUK","NHMUK","NHMUK","BOT",2075,"1056291813","Nathaniel Wallich; b.1786; d.1854; Wall.","s.n.",NA,"Jorge Sánchez-Ken; Sánchez-Ken",NA,NA,0
"203","Apluda","Apluda mutica","Indonesia",NA,NA,"Wetar Island; Kali Kuning River.",-7.70000000052989,126.3,1993-05-15,"GBIF","DNA","DNA","DNA","DNA",3755,"1257311043","Leach, G.","3799",1993-05-15,NA,NA,NA,0
"204","Apluda","Apluda mutica","Taiwan",NA,NA,"Hungtou (Hontoutsuan, Lanyu), Koto-Kaku",22.030278,121.553611,1968-09-10,"GBIF","TAI","TAI","TAI","TAI134707",3728,"891644031","Chien Chang Hsu 許建昌",NA,1968-09-10,"C.Hsu",NA,NA,0
"205","Apluda","Apluda mutica","Oman",NA,NA,"Tawi A'tair, eastern Jabal Qara; ? near Veterinary Clinic",17.116667,54.55,1986-09-20,"GBIF","E","E","E","E",3550,"575149105","Dalibard, C. & Whitcombe, R.P.","2",1986-09-20,NA,NA,NA,0
"206","Apluda","Apluda mutica","China","Guangxi Zhuangzu Zizhiqu",NA,"弄岗自然保护区龙呼生产队仓库对面石山下",22.391288,106.817838,1979-01-01,"GBIF","IBK","IBK","IBK",NA,3699,"1030930062","弄岗综考队",NA,1979-01-01,NA,NA,NA,0
"207","Apluda","Apluda mutica","Taiwan",NA,NA,"Nanjenshan, Hiiranzan",22.089722,120.862778,1987-12-13,"GBIF","TAI","TAI","TAI","TAI221930",3728,"891599088","Y.M.Hsu",NA,1987-12-13,"C.F.Hsieh",NA,NA,0
"208","Apluda","Apluda mutica","Taiwan",NA,NA,"Tanshui, Tansui (Danshui)",25.163889,121.436389,1928-11-11,"GBIF","TAI","TAI","TAI","TAI134683",3728,"891644059","H.Umetani 梅谷弘",NA,1928-11-11,NA,NA,NA,0
"209","Apluda","Apluda mutica","Taiwan",NA,NA,"Peinan, Pinansha",22.773889,121.119167,1934-10-17,"GBIF","TAI","TAI","TAI","TAI257110",3728,"891588893","S.Suzuki 鈴木重良",NA,1934-10-17,NA,NA,NA,0
"210","Apluda","Apluda mutica","Taiwan",NA,NA,"Michan",23.983333,121.6,NA,"GBIF","TAIF","TAIF","TAIF","TAIF146339",3231,"353038166","Tien-Tsai Chen",NA,NA,"Tien-Tsai Chen",NA,NA,0
"211","Apluda","Apluda mutica","Taiwan",NA,NA,"Hungtou-Tienchi",22.031667,121.551944,1972-09-21,"GBIF","TAI","TAI","TAI","TAI155323",3728,"891631103","H.J.Chang",NA,1972-09-21,"H.J.Chang",NA,NA,0
"212","Apluda","Apluda mutica","Sri Lanka","Central","Matale","Sigiriya",7.95,80.75,1974-10-11,"MO","K, MO, PDA, US","K, MO, PDA, US","K, MO, PDA, US",NA,280,NA,"Gerrit Davidse","7443",1974-10-11,"Gerrit Davidse,",1974-01-01,NA,0
"213","Apluda","Apluda mutica","China","Guangxi Zhuangzu Zizhiqu",NA,"东乐新村林下",23.9022,106.618742,1955-01-01,"GBIF","IBK","IBK","IBK",NA,3699,"1030930107","百色队",NA,1955-01-01,NA,NA,NA,0
"214","Apluda","Apluda mutica","Taiwan",NA,NA,"Liuchangli, Rokutyori",24.23,120.625833,1933-06-30,"GBIF","TAI","TAI","TAI","TAI257117",3728,"891588855","Yoshimatsu Yamamoto 山本由松",NA,1933-06-30,NA,NA,NA,0
"215","Apluda","Apluda mutica","Australia","Queensland",NA,"Dauan Island, Torres Strait.",-9.41860000109848,142.5297,2010-03-10,"GBIF","CANB","CANB","CANB","CANB",3664,"993643155","Waterhouse, B.M.","7832",2010-03-10,"BRI",2010-01-15,NA,0
"216","Apluda","Apluda mutica","Pakistan",NA,NA,"Thalkot - Besham; Hazara, Kohistan/North-West Frontier Province",34.87,72.92,1995-08-28,"GBIF","GMBA","GMBA","GMBA","The Himalayan Uplands Plant database (HUP Version 1)",3000,"615266909","B.Dickoré (Coll. MSB)",NA,1995-08-28,"K. Lewejohann (2006)",NA,NA,0
"217","Apluda","Apluda mutica","Taiwan",NA,NA,"Peinan, Pinansha",22.773889,121.119167,1934-10-17,"GBIF","TAI","TAI","TAI","TAI257111",3728,"891588863","S.Suzuki 鈴木重良",NA,1934-10-17,NA,NA,NA,0
"218","Apluda","Apluda mutica","China","Yunnan Sheng",NA,"营盘公社",26.453601,99.416689,1981-01-01,"GBIF","PE","PE","PE",NA,3713,"919564990","北京植物所横断山队",NA,1981-01-01,NA,NA,NA,0
"219","Apluda","Apluda mutica","India","Uttarakhand",NA,"Nag Tibba Road, Mussoorie, Garhwal",30.588892,78.14145,1985-05-01,"GBIF","WII","WII","WII","PlantsofWII",3551,"685751374","W.A. Rodgers",NA,1985-05-01,"W.A. Rodgers",1985-05-01,NA,0
"220","Apluda","Apluda mutica","Taiwan",NA,NA,"Tapang, Tappansya",23.455556,120.743333,1972-08-20,"GBIF","TAI","TAI","TAI","TAI150301",3728,"891633410","Chang Sheng Kuoh 郭長生",NA,1972-08-20,"C.Hsu",NA,NA,0
"221","Apluda","Apluda mutica","Taiwan",NA,NA,"Lutao Is. (Green Island), Kwasyoto (Kasyo, Kashoto)",22.676667,121.472222,1973-08-18,"GBIF","TAI","TAI","TAI","TAI158963",3728,"891628860","T.C.Huang 黃增泉",NA,1973-08-18,"T.C.Huang 黃增泉",NA,NA,0
"222","Apluda","Apluda mutica","China","Guangxi Zhuangzu Zizhiqu",NA,"蒙里至革步",24.68123,105.334672,1957-01-01,"GBIF","IBK","IBK","IBK",NA,3699,"1030930063","张肇骞",NA,1957-01-01,NA,NA,NA,0
"223","Apluda","Apluda mutica","China","Hainan Sheng",NA,"吊罗山天水分流",18.626309,109.700342,1954-01-01,"GBIF","IBK","IBK","IBK",NA,3699,"1030930075","海南吊罗山队",NA,1954-01-01,NA,NA,NA,0
"224","Apluda","Apluda mutica","Papua New Guinea","Milne Bay",NA,"Menapi, Cape Vogel Peninsula, Milne Bay District.",-9.7667,149.925,1953-03-29,"GBIF","CANB","CANB","CANB","CANB",3664,"993128260","Brass, L.J.","21741",1953-03-29,"Sánchez-Ken, J.G.",2003-03-01,NA,0
"225","Apluda","Apluda mutica","Oman",NA,NA,"Oman, Dhofar: SE facing slopes of the Jabal Qara along the track between Raysut and Qaftawt, Anogeissus dhofarica - Commiphora woodland, alt. 300-350 m, 17°03'N, 53°54'E.",17.049999,53.900002,1998-10-03,"GBIF","B","B","B","Herbarium Berolinense",3617,"911745457","P. Hein & N. Kilian",NA,1998-10-03,"H. Scholz",NA,NA,0
"226","Apluda","Apluda mutica","Australia","Queensland",NA,"DAUAN IS, TORRES STRAIT.",-9.41861100109849,142.529722,2010-03-10,"GBIF","BRI","BRI","BRI","Herbrecs",3662,"1835228432","Waterhouse, B.M.","BMW7832",2010-03-10,"Waterhouse, B.M.",NA,NA,0
"227","Apluda","Apluda mutica","Taiwan",NA,NA,"Hsiaolanyu, Shokotosho",21.949722,121.612222,1933-07-01,"GBIF","TAI","TAI","TAI","TAI190047",3728,"891617216","Tyosyun Sata",NA,1933-07-01,NA,NA,NA,0
"228","Apluda","Apluda mutica","Papua New Guinea",NA,NA,"Minj Sub-district, Western Highlands. Nondugl.",-5.8667,144.75,1957-08-05,"GBIF","CANB","CANB","CANB","CANB",3664,"993388771","Robbins, R.G.","608",1957-08-05,"Sánchez-Ken, J.G.",2003-03-01,NA,0
"229","Apluda","Apluda mutica","Taiwan",NA,NA,"Chihpen, Chipon (Tippon)",22.709722,121.048889,1966-09-07,"GBIF","TAI","TAI","TAI","TAI015425",3728,"891706142","T.Koyama",NA,1966-09-07,"M.T.Kao 高木村",NA,NA,0
"230","Apluda","Apluda mutica","Taiwan",NA,NA,"Shihmenshan",24.179167,121.283333,NA,"GBIF","TAIF","TAIF","TAIF","PLANT",3231,"1821822340",NA,NA,NA,"Yu-pin Cheng",NA,NA,0
"231","Apluda","Apluda mutica","Taiwan",NA,NA,"Lanyu, Orchid Is. (Botel Tobago, Kotosyo)",22.056389,121.514444,1912-06-15,"GBIF","TAI","TAI","TAI","TAI015451",3728,"891706094","Syuniti Sasaki 佐佐木舜一",NA,1912-06-15,NA,NA,NA,0
"232","Apluda","Apluda mutica","Papua New Guinea",NA,NA,"Eastern Highlands. Near Miruma village, Upper Asaro Valley, Goroka subdistrict. [Lat/Long is for Goroka].",-6.0333,145.3667,1956-06-20,"GBIF","MEL","MEL","MEL","MEL",3283,"994822348","Hoogland, R.D.","5404",1956-06-20,"Gabriel Sanchez-Ken, J.",2003-08-01,NA,0
"233","Apluda","Apluda mutica","China","Sichuan Sheng",NA,"",27.928607,101.279419,1978-01-01,"GBIF","CDBI","CDBI","CDBI",NA,3445,"1030900750","赵清盛",NA,1978-01-01,NA,NA,NA,0
"234","Apluda","Apluda mutica","Papua New Guinea",NA,NA,"Josephstaal, Madang District.",-4.75,145,1958-09-01,"GBIF","CANB","CANB","CANB","CANB",3664,"993638918","White, K.","NGF 10303",1958-09-01,"Sánchez-Ken, J.G.",2003-03-01,NA,0
"235","Apluda","Apluda mutica","Bhutan",NA,NA,"Chuzomsa (Chusom)",27.5,89.966667,1995-09-18,"GBIF","E","E","E","E",3550,"574978558","R. Pradhan & T. Wangdi","EG119",1995-09-18,NA,NA,NA,0
"236","Apluda","Apluda mutica","China","Yunnan Sheng",NA,"槟榔寨特林场对面山",22.529465,103.939279,1954-01-01,"GBIF","PE","PE","PE",NA,3713,"919565038","植物研究所昆明工作站",NA,1954-01-01,NA,NA,NA,0
"237","Apluda","Apluda mutica","Taiwan",NA,NA,"",25.15,121.616667,NA,"GBIF","TAIF","TAIF","TAIF","TAIF174988",3231,"353038161",NA,NA,NA,NA,NA,NA,0
"238","Apluda","Apluda mutica","Taiwan",NA,NA,"Neipu",24.3,120.704167,1968-07-19,"GBIF","TAI","TAI","TAI","TAI134703",3728,"891644021","Chien Chang Hsu 許建昌",NA,1968-07-19,"C.Hsu",NA,NA,0
"239","Apluda","Apluda mutica","Taiwan",NA,NA,"Lukang, Rokko",24.0525,120.423889,1970-08-01,"GBIF","TAI","TAI","TAI","TAI147042",3728,"891635655","Chang Sheng Kuoh 郭長生",NA,1970-08-01,"C.Hsu",NA,NA,0
"240","Apluda","Apluda mutica","Taiwan",NA,NA,"Hsincheng, Sinzyo",24.123889,121.648056,1934-10-15,"GBIF","TAI","TAI","TAI","TAI257122",3728,"891588872","S.Suzuki 鈴木重良",NA,1934-10-15,NA,NA,NA,0
"241","Apluda","Apluda mutica","Taiwan",NA,NA,"Fenglin",23.75,121.433333,NA,"GBIF","TAIF","TAIF","TAIF","PLANT",3231,"1821846049","Tien-Tsai Chen",NA,NA,"Tien-Tsai Chen",NA,NA,0
"242","Apluda","Apluda mutica","Taiwan",NA,NA,"Lanyu, Orchid Is. (Botel Tobago, Kotosyo)",22.056389,121.514444,1935-07-04,"GBIF","TAI","TAI","TAI","TAI015454",3728,"891706117","S.Sasaki 佐佐木舜一",NA,1935-07-04,"A.Tsai Hsieh 謝阿才",NA,NA,0
"243","Apluda","Apluda mutica","Taiwan",NA,NA,"Lukang, Rokko",24.0525,120.423889,1970-08-01,"GBIF","TAI","TAI","TAI","TAI155508",3728,"891631028","C.S.Kuoh 郭長生",NA,1970-08-01,NA,NA,NA,0
"244","Apluda","Apluda mutica","China","Yunnan Sheng",NA,"哈拉摩大村",25.670153,99.958012,1946-01-01,"GBIF","KUN","KUN","KUN",NA,3393,"1304024078","刘慎谔",NA,1946-01-01,NA,NA,NA,0
"245","Apluda","Apluda mutica","China","Guangxi Zhuangzu Zizhiqu",NA,"广运林场",24.608601,110.801078,1958-01-01,"GBIF","IBK","IBK","IBK",NA,3699,"1030930084","李荫昆",NA,1958-01-01,NA,NA,NA,0
"246","Apluda","Apluda mutica","Papua New Guinea","Milne Bay",NA,"Menapi, Cape Vogel Peninsula, Milne Bay District.",-9.7667,149.925,1953-03-29,"GBIF","CANB","CANB","CANB","CANB",3664,"993128253","Brass, L.J.","21741",1953-03-29,"Sánchez-Ken, J.G.",2003-03-01,NA,0
"247","Apluda","Apluda mutica","Taiwan",NA,NA,"Fengping, Bokonsya",23.600556,121.524167,1979-07-10,"GBIF","TAI","TAI","TAI","TAI177472",3728,"891622710","H.N.Yang",NA,1979-07-10,"H.N.Yang",NA,NA,0
"248","Apluda","Apluda mutica","Taiwan",NA,NA,"Manchou",22.0225,120.831389,NA,"GBIF","TAIF","TAIF","TAIF","PLANT",3231,"1821851891",NA,NA,NA,"Sung-Po li",NA,NA,0
"249","Apluda","Apluda mutica","Papua New Guinea",NA,NA,"Noreikora Swamp, Kainantu Subdistrict, Eastern Highlands District.",-6.5,143.25,1966-04-01,"GBIF","CANB","CANB","CANB","CANB",3664,"993163050","Wheeler, J.M.","ANU 5805",1966-04-01,"Sánchez-Ken, J.G.",2003-03-01,NA,0
"250","Apluda","Apluda mutica","Taiwan",NA,NA,"Nanjenshan-Chanlo, Nanzenshan-Chanlo",22.094167,120.836389,1972-09-17,"GBIF","TAI","TAI","TAI","TAI145353",3728,"891637070","Ben-Hung Wang 王秉宏",NA,1972-09-17,NA,NA,NA,0
"251","Apluda","Apluda mutica","China","Guangxi Zhuangzu Zizhiqu",NA,"良丰雁山村西林公园附近",25.175621,110.351669,1947-01-01,"GBIF","IBSC","IBSC","IBSC",NA,3815,"1303941238","邓志农",NA,1947-01-01,NA,NA,NA,0
"252","Apluda","Apluda mutica","Taiwan",NA,NA,"Nanjenshan-Chanlo, Nanzenshan-Chanlo",22.094167,120.836389,1972-09-17,"GBIF","TAI","TAI","TAI","TAI145354",3728,"891637067","Ben-Hung Wang 王秉宏",NA,1972-09-17,NA,NA,NA,0
"253","Apluda","Apluda mutica","China","Guangxi Zhuangzu Zizhiqu",NA,"城厢西乐街附近",23.695857,109.213028,1958-01-01,"GBIF","IBK","IBK","IBK",NA,3699,"1030930093","李荫昆",NA,1958-01-01,NA,NA,NA,0
"254","Apluda","Apluda mutica","Yemen",NA,NA,"Gov. Al-Mahra. Hawf Mts, Uteq, S facing slope with big boulders.",16.649445,52.960835,2001-09-29,"GBIF","B","B","B","Herbarium Berolinense",3617,"911745452","P. Hein, H. Kürschner & M. Reisch",NA,2001-09-29,"H. Scholz",NA,NA,0
"255","Apluda","Apluda mutica","Taiwan",NA,NA,"Nanjenshan, Hiiranzan",22.089722,120.862778,1987-12-13,"GBIF","TAI","TAI","TAI","TAI221929",3728,"891599109","Y.M.Hsu",NA,1987-12-13,"C.F.Hsieh",NA,NA,0
"256","Apluda","Apluda mutica","Taiwan",NA,NA,"Chihpen Hot Spring",22.696111,120.996944,1958-08-10,"GBIF","TAI","TAI","TAI","TAI134685",3728,"891644055","T.I.Chuang 莊燦陽",NA,1958-08-10,NA,NA,NA,0
"257","Apluda","Apluda mutica","Nepal",NA,NA,"",28.253008,83.938548,1954-10-08,"GBIF","NHMUK","NHMUK","NHMUK","BOT",2075,"1055710282","O.V. Polunin, W.R. Sykes & L.H.J. Williams","4732",1954-10-08,"Jorge Sánchez-Ken",NA,NA,0
"258","Apluda","Apluda mutica","Taiwan",NA,NA,"Hungtou (Hontoutsuan, Lanyu), Koto-Kaku",22.030278,121.553611,1983-04-28,"GBIF","TAI","TAI","TAI","TAI199518",3728,"891611676","T.C.Huang 黃增泉",NA,1983-04-28,"T.C.Huang 黃增泉",NA,NA,0
"259","Apluda","Apluda mutica","China","Sichuan Sheng",NA,"泸定区",28.549809,102.177079,1980-01-01,"GBIF","CDBI","CDBI","CDBI",NA,3445,"1030901095","四川植被队",NA,1980-01-01,NA,NA,NA,0
"260","Apluda","Apluda mutica","Philippines",NA,NA,"Benguet Province, Luzon.",16,121,1908-12-01,"GBIF","MEL","MEL","MEL","MEL",3283,"995155778","Ramos, M.","s.n.",1908-12-01,"Gabriel Sanchez-Ken, J.",2003-08-01,NA,0
"261","Apluda","Apluda mutica","Taiwan",NA,NA,"Yuli, Tamazato",23.330556,121.305278,1934-10-16,"GBIF","TAI","TAI","TAI","TAI257113",3728,"891588856","S.Suzuki 鈴木重良",NA,1934-10-16,NA,NA,NA,0
"262","Apluda","Apluda mutica","Taiwan",NA,NA,"Kuanyinshan, Kwannonzan (Mt.Kwannon, Mt. Kwanyinshan, Mt. Kwannonzan, Mt. Kwannonan, Mt. Kwannon, Mt. Kwannomzan, Mt. Kwaninshan, Mt. Kwanin, Mt. Kuanyingshan, Mt. Kuanying, Mt. Kuannying, Mt. Kanon, Mt. Kannon, Kwanyinshan, Kwaninshan, Kuaninshan, Kuangy",25.134444,121.421667,1960-10-16,"GBIF","TAI","TAI","TAI","TAI134673",3728,"891644078","C.C.Hsu",NA,1960-10-16,NA,NA,NA,0
"263","Apluda","Apluda mutica","New Caledonia",NA,NA,"Pouebo - Diahoue Caffeieres",-20.483333,164.683333,NA,"GBIF","Université de Strasbourg","Université de Strasbourg","Université de Strasbourg","CAL",1457,"931125968","Hoff M.",NA,NA,NA,NA,NA,0
"264","Apluda","Apluda mutica","Papua New Guinea",NA,NA,"Kiapit [Kaiapit].",-6.2667,146.2667,1947-06-01,"GBIF","CANB","CANB","CANB","CANB",3664,"993145549","Commonwealth Nutrition Survey Party","NSK 30",1947-06-01,"Sánchez-Ken, J.G.",2003-03-01,NA,0
"265","Apluda","Apluda mutica","India",NA,NA,"INDIA: Karnataka, c. 2 km N, urbe Belgaum. 15°55' N, 74°36' E. Alt. c. 800 m.",15.916667,74.6,1995-11-16,"GBIF","SNSB-M","SNSB-M","SNSB-M","BSMfungicoll",1972,"1098953009","Sharma, N.D.",NA,1995-11-16,NA,NA,NA,0
"266","Apluda","Apluda mutica","Taiwan",NA,NA,"Military Infantry School",22.629167,120.3475,1960-12-18,"GBIF","TAI","TAI","TAI","TAI015466",3728,"891706123","T.I.Chuang 莊燦陽",NA,1960-12-18,"T.I.Chuang 莊燦陽",NA,NA,0
"267","Apluda","Apluda mutica","Taiwan",NA,NA,"Hsiaolanyu, Shokotosho",21.949722,121.612222,1933-07-01,"GBIF","TAI","TAI","TAI","TAI015426",3728,"891706108","Tyosyun Sata",NA,1933-07-01,NA,NA,NA,0
"268","Apluda","Apluda mutica","Papua New Guinea",NA,NA,"Near Devatutu village, Northern Division. Along track from Ambari  to Lake Koena.",-8.2833,148.1792,1953-07-22,"GBIF","CANB","CANB","CANB","CANB",3664,"993730278","Hoogland, R.D.","3414",1953-07-22,"Sánchez-Ken, J.G.",2003-03-01,NA,0
"269","Apluda","Apluda mutica","China","Yunnan Sheng","Baoshan Shi","高黎贡东坡",25.116213,99.162598,1978-01-01,"GBIF","PE","PE","PE",NA,3713,"919564999","李渤生",NA,1978-01-01,NA,NA,NA,0
"270","Apluda","Apluda mutica","China","Yunnan Sheng",NA,"Boashan, Nu Shan, Xiahewang Village, 12 km W of Wayao and the Lancang Jiang (Mekong Rv.) on the road to Liuku, 100 km W of Xiaguan & Dali",25.42,99.17,1997-09-07,"GBIF","BC","BC","BC","BC",3416,"1842890178","R.J. Soreng, P. Peterson & S. Hang","Soreng_5215",1997-09-07,NA,NA,"Last label",0
"271","Apluda","Apluda mutica","Taiwan",NA,NA,"Hungtoutsun-Wangnanfeng",22.013333,121.575,1972-09-20,"GBIF","TAI","TAI","TAI","TAI147057",3728,"891635613","Chang Sheng Kuoh 郭長生",NA,1972-09-20,"Hsu",NA,NA,0
"272","Apluda","Apluda mutica","Yemen",NA,NA,"Al-Mahra. coastal mountains, N of Hawf, slopes ENE of the village Con.",16.666666,53.033333,2000-11-14,"GBIF","B","B","B","Herbarium Berolinense",3617,"911745448","N. Kilian, S. O. Bahah, P. Hein, M. A. Hubaishan & C. Naumann",NA,2000-11-14,"H. Scholz",NA,NA,0
"273","Apluda","Apluda mutica","Taiwan",NA,NA,"Chihpen Hot Spring",22.696111,120.996944,1958-08-10,"GBIF","TAI","TAI","TAI","TAI134686",3728,"891644037","T.I.Chuang 莊燦陽",NA,1958-08-10,NA,NA,NA,0
"274","Apluda","Apluda mutica","Taiwan",NA,NA,"Shihmenshan",24.179167,121.283333,NA,"GBIF","TAIF","TAIF","TAIF","TAIF120106",3231,"353038168",NA,NA,NA,"Yu-pin Cheng",NA,NA,0
"275","Apluda","Apluda mutica","Papua New Guinea",NA,NA,"Gembogl, Chimbu Valley.",-5.8833,145.0833,1972-05-14,"GBIF","CANB","CANB","CANB","CANB",3664,"993210315","Smith, J.M.B.","ANU 15394",1972-05-14,"Sánchez-Ken, J.G.",2003-03-01,NA,0
"276","Apluda","Apluda geniculata","India",NA,NA,"",22.883478,79.616202,NA,"GBIF","NHMUK","NHMUK","NHMUK","BOT",2075,"1056089301","Person String; Roxburgh","s.n.",NA,"Jorge Sánchez-Ken; Sánchez-Ken",NA,NA,0
"277","Apluda","Apluda mutica","India","Uttarakhand",NA,"Mussoorie",30.446454,78.094039,1985-05-01,"GBIF","WII","WII","WII","PlantsofWII",3551,"685751373","W.A. Rodgers",NA,1985-05-01,"W.A. Rodgers",1985-05-01,NA,0
"278","Apluda","Apluda mutica","China","Guangxi Zhuangzu Zizhiqu","Guilin Shi","",25.175621,110.351669,1948-01-01,"GBIF","IBSC","IBSC","IBSC",NA,3815,"1303941266","陈立卿",NA,1948-01-01,NA,NA,NA,0
"279","Apluda","Apluda mutica","Japan","Okinawa",NA,"Iriomote, Shirahama",24.360889,123.749667,2013-10-27,"GBIF","KPM","KPM","KPM","NA",3409,"1829904421",NA,NA,2013-10-27,NA,NA,NA,0
"280","Apluda","Apluda mutica","China","Guangdong Sheng",NA,"西乡洪莲洞",25.22845,113.217309,1930-01-01,"GBIF","IBK","IBK","IBK",NA,3699,"1030930060","陈念劬",NA,1930-01-01,NA,NA,NA,0
"281","Apluda","Apluda mutica","Yemen",NA,NA,"Al-Mahra. coastal mountains, N of Hawf, slopes ENE of the village Con.",16.666666,53.033333,2000-11-14,"GBIF","B","B","B","Herbarium Berolinense",3617,"911745444","N. Kilian, S. O. Bahah, P. Hein, M. A. Hubaishan & C. Naumann",NA,2000-11-14,"N. Kilian",NA,NA,0
"282","Apluda","Apluda mutica","China","Yunnan Sheng",NA,"In the vicinity of Liuku on the W side of the Nu Jiang.",25.854601,98.848701,1990-11-03,"GBIF","CAS","CAS","CAS","BOT-BC",3332,"1426083254","Dulong Jiang Investigation Team","123",1990-11-03,"Yuehua Wang",2004-08-01,NA,0
"283","Apluda","Apluda mutica","Oman",NA,NA,"Oman, Dhofar, Taquah. Wadi Darbat gorge, 17,087009 N, 54,434625 E",17.08694,54.43472,2015-09-27,"GBIF","W","W","W","Herbarium W",3736,"1701352217","Escobar García,P.",NA,2015-09-27,"P. Escobar García",NA,NA,0
"284","Apluda","Apluda mutica","Taiwan",NA,NA,"Shihmen, Sekimon",25.286667,121.558889,1960-10-23,"GBIF","TAI","TAI","TAI","TAI134668",3728,"891644067","C.C.Hsu",NA,1960-10-23,NA,NA,NA,0
"285","Apluda","Apluda mutica","Taiwan",NA,NA,"Yangmingshan, Sozan (Mt. Sozan)",25.136944,121.543333,1929-10-10,"GBIF","TAI","TAI","TAI","TAI114849",3728,"891651271","Y.Yamamoto",NA,1929-10-10,NA,NA,NA,0
"286","Apluda","Apluda mutica","China","Sichuan Sheng",NA,"南田村林场",28.262715,103.571742,1964-01-01,"GBIF","CDBI","CDBI","CDBI",NA,3445,"1030901322","朱太平等",NA,1964-01-01,NA,NA,NA,0
"287","Apluda","Apluda mutica","Taiwan",NA,NA,"Yangmingshan, Sozan (Mt. Sozan)",25.136944,121.543333,1929-11-30,"GBIF","TAI","TAI","TAI","TAI134690",3728,"891644063","G.M.",NA,1929-11-30,NA,NA,NA,0
"288","Apluda","Apluda mutica","China","Guangdong Sheng",NA,"北乡枫树下国营林场附近",25.22845,113.217309,1942-01-01,"GBIF","IBK","IBK","IBK",NA,3699,"1030930079","陈少卿",NA,1942-01-01,NA,NA,NA,0
"289","Apluda","Apluda mutica","Taiwan",NA,NA,"Kuanyinshan, Kwannonzan (Mt.Kwannon, Mt. Kwanyinshan, Mt. Kwannonzan, Mt. Kwannonan, Mt. Kwannon, Mt. Kwannomzan, Mt. Kwaninshan, Mt. Kwanin, Mt. Kuanyingshan, Mt. Kuanying, Mt. Kuannying, Mt. Kanon, Mt. Kannon, Kwanyinshan, Kwaninshan, Kuaninshan, Kuangy",25.134444,121.421667,1932-10-28,"GBIF","TAI","TAI","TAI","TAI015433",3728,"891706084","Sigeyosi Suzuki 鈴木重良",NA,1932-10-28,NA,NA,NA,0
"290","Apluda","Apluda mutica","China","Hunan Sheng",NA,"栗源堡附近",25.39996,112.948819,1942-01-01,"GBIF","IBK","IBK","IBK",NA,3699,"1030930046","陈少卿",NA,1942-01-01,NA,NA,NA,0
"291","Apluda","Apluda mutica","Australia","Queensland",NA,"Darnley Island, Torres Strait.",-9.5975,143.7717,2002-05-21,"GBIF","CNS","CNS","CNS","MBA",3642,"1061547170","Waterhouse, B.M.","6391",2002-05-21,"Waterhouse, B.M. (BRI replicate)",NA,NA,0
"292","Apluda","Apluda mutica","China","Sichuan Sheng",NA,"丁冬沟山沟中部",27.928607,101.279419,1978-01-01,"GBIF","CDBI","CDBI","CDBI",NA,3445,"1030900689","赵清盛、杨亚滨等",NA,1978-01-01,NA,NA,NA,0
"293","Apluda","Apluda mutica","China","Fujian Sheng",NA,"西部",26.397146,117.792739,1931-01-01,"GBIF","PE","PE","PE",NA,3713,"1303758306","林英",NA,1931-01-01,NA,NA,NA,0
"294","Apluda","Apluda mutica","Taiwan",NA,NA,"Suidotyo (Suitocho)",25.0075,121.53,1924-11-11,"GBIF","TAI","TAI","TAI","TAI015434",3728,"891706085","Sigeyosi Suzuki 鈴木重良",NA,1924-11-11,NA,NA,NA,0
"295","Apluda","Apluda mutica","Taiwan",NA,NA,"Lanyu, Orchid Is. (Botel Tobago, Kotosyo)",22.056389,121.514444,1924-07-16,"GBIF","TAI","TAI","TAI","TAI015449",3728,"891706109","S.Sasaki 佐佐木舜一",NA,1924-07-16,NA,NA,NA,0
"296","Apluda","Apluda mutica","China","Yunnan Sheng",NA,"豆豉店",23.125462,104.702829,1998-01-01,"GBIF","PE","PE","PE",NA,3713,"919464768","王印政 彭华 邓德山等",NA,1998-01-01,NA,NA,NA,0
"297","Apluda","Apluda mutica","Afghanistan",NA,NA,"2 km S Aghrabat; E Afghanistan/Velāyat-e Laghmān",34.53,70.22,1970-10-23,"GBIF","GMBA","GMBA","GMBA","The Himalayan Uplands Plant database (HUP Version 1)",3000,"615267025","D.Podlech (Coll. M, MSB)",NA,1970-10-23,NA,NA,NA,0
"298","Apluda","Apluda mutica","Thailand",NA,NA,"Nakhon Sawan: Langsang National Park, SW of Tak",16.83,99.08,1965-11-23,"GBIF","K","K","K","Herbarium",3716,"912537002","Hennipman, E.","3108",1965-11-23,NA,NA,NA,0
"299","Apluda","Apluda mutica","Thailand",NA,NA,"Chaiyaphum: Tungkamang",16.33,101.75,1971-12-15,"GBIF","K","K","K","Herbarium",3716,"912537032","van Beusekom, C.F.; et al.","4330",1971-12-15,NA,NA,NA,0
"300","Apluda","Apluda mutica","Taiwan",NA,NA,"Hsincheng, Sinzyo",24.123889,121.648056,1934-10-16,"GBIF","TAI","TAI","TAI","TAI134699",3728,"891644029","S.Suzuki 鈴木重良",NA,1934-10-16,NA,NA,NA,0
"301","Apluda","Apluda mutica","India","West Bengal",NA,"Howrah [=Haora].",22.5833,88.3333,1894-12-01,"GBIF","MEL","MEL","MEL","MEL",3283,"995155867","Mokim","1484",1894-12-01,"Gabriel Sanchez-Ken, J.",2003-08-01,NA,0
"302","Apluda","Apluda mutica","Taiwan",NA,NA,"Hsiangshan (Hsiangtsun), Bansanko",24.760556,120.906389,1977-07-20,"GBIF","TAI","TAI","TAI","TAI169671",3728,"891626089","Ching I Peng 彭鏡毅",NA,1977-07-20,"Ching I Peng 彭鏡毅",NA,NA,0
"303","Apluda","Apluda mutica","Taiwan",NA,NA,"Tailuko Park, Taroko Park",24.145556,121.614444,1953-08-28,"GBIF","TAI","TAI","TAI","TAI134665",3728,"891644058","T.S.Liu",NA,1953-08-28,NA,NA,NA,0
"304","Apluda","Apluda mutica","Vietnam","Kon Tum",NA,"Distr. Dak Gley, about 3-4 km to the W of Dak Gley town. Secondary dry forest with bamboo, rich in primary elements.; Vietnam-Highlands EPILOC90",15.183333,107.8,1995-11-26,"MO",NA,NA,NA,NA,280,NA,"L.V. Averyanov","VH1958",1995-11-26,NA,NA,NA,0
"305","Apluda","Apluda mutica","China","Hunan Sheng",NA,"栗源堡苦竹",25.39996,112.948819,1942-01-01,"GBIF","IBSC","IBSC","IBSC",NA,3815,"1303892419","陈少卿",NA,1942-01-01,NA,NA,NA,0
"306","Apluda","Apluda mutica","China","Sichuan Sheng",NA,"二区东支公社",27.928607,101.279419,1978-01-01,"GBIF","CDBI","CDBI","CDBI",NA,3445,"1030900716","赵清盛",NA,1978-01-01,NA,NA,NA,0
"307","Apluda","Apluda mutica","Papua New Guinea","Morobe",NA,"Pindiu, Mongi Valley, Huon Peninsula, Morobe District.",-6.4833,147.5333,1964-04-25,"GBIF","CANB","CANB","CANB","CANB",3664,"993139250","Hoogland, R.D.","8842",1964-04-25,"Sánchez-Ken, J.G.",2003-03-01,NA,0
"308","Apluda","Apluda mutica","China","Sichuan Sheng",NA,"抓抓岩",28.262715,103.571742,1976-01-01,"GBIF","CDBI","CDBI","CDBI",NA,3445,"1030901059","四川植被队",NA,1976-01-01,NA,NA,NA,0
"309","Apluda","Apluda mutica","China","Yunnan Sheng",NA,"猛鑫",21.475834,101.56752,1936-01-01,"GBIF","PE","PE","PE",NA,3713,"919564967","C.W.Wang",NA,1936-01-01,NA,NA,NA,0
"310","Apluda","Apluda mutica","Taiwan",NA,NA,"",25.15,121.55,NA,"GBIF","TAIF","TAIF","TAIF","PLANT",3231,"1821823890","Sheng-You Lu",NA,NA,"Sheng-You Lu",NA,NA,0
"311","Apluda","Apluda mutica","Japan","Okinawa",NA,"",24.436111,123.775833,1981-08-09,"GBIF","KPM","KPM","KPM","NA",3409,"388791223",NA,NA,1981-08-09,NA,NA,NA,0
"312","Apluda","Apluda mutica","India",NA,NA,"INDIA: Uttar Pradesh, 27 km S. Nainital. 29°18' N, 79°33' E. Alt. c. 780 m.",29.3,79.55,1992-09-07,"GBIF","SNSB-M","SNSB-M","SNSB-M","BSMfungicoll",1972,"1098953004","Vánky, T.",NA,1992-09-07,NA,NA,NA,0
"313","Apluda","Apluda mutica","China","Sichuan Sheng",NA,"红柯公社山坡中部",27.928607,101.279419,1978-01-01,"GBIF","CDBI","CDBI","CDBI",NA,3445,"1030900712","赵清盛、杨亚滨等",NA,1978-01-01,NA,NA,NA,0
"314","Apluda","Apluda mutica","China","Hainan Sheng",NA,"吊罗山天水分流",18.626309,109.700342,1954-01-01,"GBIF","IBK","IBK","IBK",NA,3699,"1030930024","海南吊罗山队",NA,1954-01-01,NA,NA,NA,0
"315","Apluda","Apluda mutica","China","Yunnan Sheng","Baoshan Shi","高黎贡山东坡",25.116213,99.162598,1978-01-01,"GBIF","PE","PE","PE",NA,3713,"919565008","王裕朱 李渤生",NA,1978-01-01,NA,NA,NA,0
"316","Apluda","Apluda mutica","Japan","Okinawa","Miyakojima Shi","",24.80544,125.28128,1973-11-04,"GBIF","NAC","NAC","NAC","VA",3660,"1828723125",NA,NA,1973-11-04,NA,NA,NA,0
"317","Apluda","Apluda mutica","Bhutan","Mongar Dzongkhag",NA,"Thitangbi (Thidangbi)",27.266667,91.166667,1995-09-15,"GBIF","E","E","E","E",3550,"574964926","R. Pradhan & T. Wangdi","EG88",1995-09-15,NA,NA,NA,0
"318","Apluda","Apluda mutica","Taiwan",NA,NA,"Chihshanyen, Sizangan (Chushanyuan, Chushanyen, Chusanyuan, Chusanyien, Chishanyin, Chishanyien, Chishanyet, Chishanyan, Chisanyien, Chisanyian, Chihshanyien, Shizangan)",25.093889,121.515833,1928-09-17,"GBIF","TAI","TAI","TAI","TAI015458",3728,"891706093","H.Umetan",NA,1928-09-17,"A.Tsai Hsieh 謝阿才",NA,NA,0
"319","Apluda","Apluda mutica","Oman",NA,NA,"Ain Garzeez 11km from Salalah on Ayun road",17.083333,54.083333,1984-11-14,"GBIF","E","E","E","E",3550,"574915465","McLeish, Ian M.","359",1984-11-14,NA,NA,NA,0
"320","Apluda","Apluda mutica","Taiwan",NA,NA,"Hungtoutsun-Wangnanfeng",22.013333,121.575,1972-09-20,"GBIF","TAI","TAI","TAI","TAI147058",3728,"891635612","Chang Sheng Kuoh 郭長生",NA,1972-09-20,"Hsu",NA,NA,0
"321","Apluda","Apluda mutica","China","Hunan Sheng",NA,"栗源堡沿河直上",25.39996,112.948819,1941-01-01,"GBIF","IBSC","IBSC","IBSC",NA,3815,"1303941237","刘心祈",NA,1941-01-01,NA,NA,NA,0
"322","Apluda","Apluda mutica","Taiwan",NA,NA,"Kankou, Kangu",24.933889,121.619167,NA,"GBIF","TAI","TAI","TAI","TAI134679",3728,"891644051","M.T.Kao 高木村",NA,NA,NA,NA,NA,0
"323","Apluda","Apluda mutica","Oman",NA,NA,"12 km NW of Salalah",17.133333,54.1,1981-11-27,"GBIF","E","E","E","E",3550,"575269149","Maconochie, J.R.","3021",1981-11-27,NA,NA,NA,0
"324","Apluda","Apluda mutica","China","Hainan Sheng",NA,"七指山",18.516726,110.029085,1934-01-01,"GBIF","IBSC","IBSC","IBSC",NA,3815,"1303892114","黄志",NA,1934-01-01,NA,NA,NA,0
"325","Apluda","Apluda mutica","Papua New Guinea","Milne Bay",NA,"Bonenau village, Baniara Subdistrict, Milne Bay District, East Papua.",-9.8792,149.3917,1969-08-19,"GBIF","CANB","CANB","CANB","CANB",3664,"993201132","Pullen, R.","8098",1969-08-19,"Sánchez-Ken, J.G.",2003-03-01,NA,0
"326","Apluda","Apluda mutica","Taiwan",NA,NA,"Tienchih",22.0225,121.573056,1983-04-29,"GBIF","TAI","TAI","TAI","TAI199519",3728,"891611657","T.C.Huang 黃增泉",NA,1983-04-29,"T.C.Huang 黃增泉",NA,NA,0
"327","Apluda","Apluda mutica","Taiwan",NA,NA,"Suigenchi (Suigenchii, Suigechi, Sugenchi, Biihunyama Suigenti, Biihunyama Suigenchi)",25.0075,121.53,1930-11-07,"GBIF","TAI","TAI","TAI","TAI015427",3728,"891706104","S.Suzuki 鈴木重良",NA,1930-11-07,"T.I.Chuang 莊燦陽",NA,NA,0
"328","Apluda","Apluda mutica","Bhutan",NA,NA,"Kiri, 5km from Tashigang",27.35,91.566667,1995-09-14,"GBIF","E","E","E","E",3550,"574711115","R. Pradhan & T. Wangdi","EG49",1995-09-14,NA,NA,NA,0
"329","Apluda","Apluda mutica","China","Sichuan Sheng",NA,"丁冬沟山沟中部",27.928607,101.279419,1978-01-01,"GBIF","CDBI","CDBI","CDBI",NA,3445,"1030901101","赵清盛、杨亚滨等",NA,1978-01-01,NA,NA,NA,0
"330","Apluda","Apluda mutica","Taiwan",NA,NA,"Hungtoutsun-Wangnanfeng",22.013333,121.575,1972-09-20,"GBIF","TAI","TAI","TAI","TAI258624",3728,"891588190","Chang Sheng Kuoh 郭長生",NA,1972-09-20,"Hsu",NA,NA,0
"331","Apluda","Apluda mutica","Taiwan",NA,NA,"Changlutsun",22.112778,120.865278,1970-10-06,"GBIF","TAI","TAI","TAI","TAI140287",3728,"891638788","Chien Chang Hsu 許建昌",NA,1970-10-06,"C.Hsu",NA,NA,0
"332","Apluda","Apluda mutica","China","Guangxi Zhuangzu Zizhiqu",NA,"邓后山",25.255089,110.050532,1948-01-01,"GBIF","IBK","IBK","IBK",NA,3699,"1030930064","陈立卿",NA,1948-01-01,NA,NA,NA,0
"333","Apluda","Apluda mutica","China","Guangdong Sheng",NA,"上庙山",24.399048,113.987821,1935-01-01,"GBIF","IBK","IBK","IBK",NA,3699,"1030930074","刘心祈",NA,1935-01-01,NA,NA,NA,0
"334","Apluda","Apluda mutica","Taiwan",NA,NA,"Hengchun, Kosyun",22.003611,120.734722,1972-09-16,"GBIF","TAI","TAI","TAI","TAI168854",3728,"891626559","Ben-Hung Wang 王秉宏",NA,1972-09-16,"C.Hsu",NA,NA,0
"335","Apluda","Apluda mutica","China","Guangdong Sheng",NA,"西岸乡",24.780744,112.377423,1945-01-01,"GBIF","IBSC","IBSC","IBSC",NA,3815,"1303855757","陈少卿",NA,1945-01-01,NA,NA,NA,0
"336","Apluda","Apluda mutica","India","Uttarakhand",NA,"Dhaulkhand, Rajaji NP",30.080235,77.916069,1986-09-01,"GBIF","WII","WII","WII","PlantsofWII",3551,"685751375","W.A. Rodgers",NA,1986-09-01,"W.A. Rodgers",1986-09-01,NA,0
"337","Apluda","Apluda mutica","China","Guangxi Zhuangzu Zizhiqu",NA,"弄岗自然保护区陇防",22.391288,106.817838,1979-01-01,"GBIF","IBK","IBK","IBK",NA,3699,"1030930057","弄岗综考队",NA,1979-01-01,NA,NA,NA,0
"338","Apluda","Apluda mutica","India","Maharashtra",NA,"Ellora.",20.0667,75.85,NA,"GBIF","MEL","MEL","MEL","MEL",3283,"995155565","Ralph, T.S.","469",NA,"Gabriel Sanchez-Ken, J.",2003-08-01,NA,0
"339","Apluda","Apluda mutica","Thailand",NA,NA,"Kanchanaburi: Huay Bankau",14.92,98.75,1971-11-12,"GBIF","K","K","K","Herbarium",3716,"912537066","van Beusekom, C.F.; et al.","3719",1971-11-12,NA,NA,NA,0
"340","Apluda","Apluda mutica","Yemen",NA,NA,"Gov. Al-Mahra. Hawf Mts, environment of the locality called Shah'rut [i.e.16°33'55.4""N, 52°46'27.1""E].",15,50.416668,2001-10-03,"GBIF","B","B","B","Herbarium Berolinense",3617,"1086580423","N. Kilian, J. Meister & M. A. Hubaishan",NA,2001-10-03,"H. Scholz",NA,NA,0
"341","Apluda","Apluda mutica","China","Sichuan Sheng",NA,"对坪公社对坪",27.696857,103.248771,1976-01-01,"GBIF","CDBI","CDBI","CDBI",NA,3445,"1030901092","四川植被队",NA,1976-01-01,NA,NA,NA,0
"342","Apluda","Apluda mutica","Taiwan",NA,NA,"Tapang, Tappansya",23.455556,120.743333,1972-08-20,"GBIF","TAI","TAI","TAI","TAI147832",3728,"891635095","Chang Sheng Kuoh 郭長生",NA,1972-08-20,"C.Hsu",NA,NA,0
"343","Apluda","Apluda mutica","China","Sichuan Sheng",NA,"中山",26.890689,102.110335,1963-01-01,"GBIF","CDBI","CDBI","CDBI",NA,3445,"1030901025","米易工作组",NA,1963-01-01,NA,NA,NA,0
"344","Apluda","Apluda mutica","Taiwan",NA,NA,"Kuanyinshan, Kwannonzan (Mt.Kwannon, Mt. Kwanyinshan, Mt. Kwannonzan, Mt. Kwannonan, Mt. Kwannon, Mt. Kwannomzan, Mt. Kwaninshan, Mt. Kwanin, Mt. Kuanyingshan, Mt. Kuanying, Mt. Kuannying, Mt. Kanon, Mt. Kannon, Kwanyinshan, Kwaninshan, Kuaninshan, Kuangy",25.134444,121.421667,1959-07-09,"GBIF","TAI","TAI","TAI","TAI134670",3728,"891644050","Chien Chang Hsu 許建昌",NA,1959-07-09,"C.Hsu",NA,NA,0
"345","Apluda","Apluda mutica","Australia","Queensland",NA,"Dauan Island, Torres Strait.",-9.41860000109848,142.5297,2010-03-10,"GBIF","CANB","CANB","CANB","CANB",3664,"993643205","Waterhouse, B.M.","7832",2010-03-10,"BRI",2010-01-15,NA,0
"346","Apluda","Apluda mutica","China","Guangxi Zhuangzu Zizhiqu","Liuzhou Shi","沙塘广西试验场山厂",24.399244,109.379926,1940-01-01,"GBIF","IBK","IBK","IBK",NA,3699,"1030930071","钟济新",NA,1940-01-01,NA,NA,NA,0
"347","Apluda","Apluda mutica","India","Maharashtra",NA,"Ellora, Deccan.",20.016667,75.166667,NA,"GBIF","MEL","MEL","MEL","MEL",3283,"995440947","Ralph, T.S.",NA,NA,"Veldkamp, J.F.",2011-07-01,NA,0
"348","Apluda","Apluda mutica","China","Guizhou Sheng","Guiyang Shi","贵阳至昆明",26.543493,106.761103,1940-01-01,"GBIF","PE","PE","PE",NA,3713,"1303758373","刘慎谔",NA,1940-01-01,NA,NA,NA,0
"349","Apluda","Apluda mutica","Oman",NA,NA,"Dhofar, Jabal Qara along track between Raysut and Qaftwawt, stony, sea facing slopes, Anogeissus-Commiphora woodland, 300-350 m, 17°03'N, 53°54'E.",17.049999,53.900002,1998-10-03,"GBIF","B","B","B","Herbarium Berolinense",3617,"911745445","N. Kilian & P. Hein",NA,1998-10-03,"H. Scholz",NA,NA,0
"350","Apluda","Apluda mutica","Bhutan",NA,NA,"Wangdi Phodrang",27.483333,89.9,1995-09-18,"GBIF","E","E","E","E",3550,"575024007","R. Pradhan & T. Wangdi","EG142",1995-09-18,NA,NA,NA,0
"351","Apluda","Apluda mutica","China","Guangxi Zhuangzu Zizhiqu",NA,"黎村区六震乡府三扭岗",22.845607,110.62108,1955-01-01,"GBIF","IBK","IBK","IBK",NA,3699,"1030930086","雷达美，韦占业",NA,1955-01-01,NA,NA,NA,0
"352","Apluda","Apluda mutica","India","Uttarakhand",NA,"Mussoorie",30.446454,78.094039,1984-08-01,"GBIF","WII","WII","WII","PlantsofWII",3551,"685751372","W.A. Rodgers",NA,1984-08-01,"W.A. Rodgers",1984-08-01,NA,0
"353","Apluda","Apluda mutica","Taiwan",NA,NA,"Hsinhua, Daibokuko",23.034444,120.300556,1958-08-06,"GBIF","TAI","TAI","TAI","TAI134693",3728,"891644036","C.Hsu",NA,1958-08-06,"C.Hsu",NA,NA,0
"354","Apluda","Apluda mutica","Papua New Guinea",NA,NA,"Patep.",-6.9167,146.7,1947-07-01,"GBIF","CANB","CANB","CANB","CANB",3664,"993146300","Commonwealth Nutrition Survey Party","NSP 74",1947-07-01,"Sánchez-Ken, J.G.",2003-03-01,NA,0
"355","Apluda","Apluda mutica","Vietnam",NA,NA,"Hue and Vicinity.",16.4667,107.5833,1927-01-01,"GBIF","MEL","MEL","MEL","MEL",3283,"995155639","Squires, R.W.","325",1927-01-01,"Gabriel Sanchez-Ken, J.",2003-08-01,NA,0
"356","Apluda","Apluda mutica","Papua New Guinea",NA,NA,"Near Giringandere village.  Daru district.  Western province.",-9.05,142.9833,1986-05-14,"GBIF","CANB","CANB","CANB","CANB",3664,"993502285","Simaga, J.M.","819",1986-05-14,NA,NA,NA,0
"357","Apluda","Apluda mutica","Taiwan",NA,NA,"Shirin, Taihoku shu [Taipei].",25,121.3333,1932-10-22,"GBIF","MEL","MEL","MEL","MEL",3283,"995155586","Tanaka, T.; Shimada, Y.","s.n.",1932-10-22,"Gabriel Sanchez-Ken, J.",2003-08-01,NA,0
"358","Apluda","Apluda mutica","Papua New Guinea",NA,NA,"Oonisis [Oomsis] Forestry Station",-6.6667,146.8,1970-02-24,"GBIF","CANB","CANB","CANB","CANB",3664,"993300759","Winters, H.F.","484",1970-02-24,"Sánchez-Ken, J.G.",2003-03-01,NA,0
"359","Apluda","Apluda mutica","China","Guangdong Sheng",NA,"",22.929376,112.044025,1928-01-01,"GBIF","PE","PE","PE",NA,3713,"1303758320","C.J.Hwang",NA,1928-01-01,NA,NA,NA,0
"360","Apluda","Apluda mutica","New Caledonia",NA,NA,"Vallee de la Koumac",-20.516667,164.366667,1981-01-01,"GBIF","Université de Strasbourg","Université de Strasbourg","Université de Strasbourg","CAL",1457,"931132789","Hoff M. - Releve Phytosociologique",NA,1981-01-01,NA,NA,NA,0
"361","Apluda","Apluda mutica","China","Guangxi Zhuangzu Zizhiqu",NA,"雁山附近",25.255089,110.050532,1953-01-01,"GBIF","IBK","IBK","IBK",NA,3699,"1030930066","徐月邦",NA,1953-01-01,NA,NA,NA,0
"362","Apluda","Apluda mutica","Taiwan",NA,NA,"Tunghai univ.",24.174444,120.59,1981-10-01,"GBIF","TAI","TAI","TAI","TAI200325",3728,"891611103","T.C.Huang 黃增泉",NA,1981-10-01,"T.C.Huang 黃增泉",NA,NA,0
"363","Apluda","Apluda mutica","New Caledonia",NA,NA,"Pouebo - Diahoue",-20.483333,164.683333,1981-01-01,"GBIF","Université de Strasbourg","Université de Strasbourg","Université de Strasbourg","CAL",1457,"931113233","Hoff M. - Releve Phytosociologique",NA,1981-01-01,NA,NA,NA,0
"364","Apluda","Apluda mutica","Papua New Guinea","Milne Bay",NA,"Bonenau village, Baniara Subdistrict, Milne Bay District, East Papua.",-9.8792,149.3917,1969-08-19,"GBIF","CANB","CANB","CANB","CANB",3664,"993201105","Pullen, R.","8098",1969-08-19,"Sánchez-Ken, J.G.",2003-03-01,NA,0
"365","Apluda","Apluda mutica","Taiwan",NA,NA,"Kankou, Kangu",24.933889,121.619167,NA,"GBIF","TAI","TAI","TAI","TAI134680",3728,"891644034","M.T.Kao 高木村",NA,NA,NA,NA,NA,0
"366","Apluda","Apluda mutica","Japan","Okinawa","Miyakojima Shi","",24.80544,125.28128,1973-11-04,"GBIF","NAC","NAC","NAC","VA",3660,"1828723501",NA,NA,1973-11-04,NA,NA,NA,0
"367","Apluda","Apluda mutica","Taiwan",NA,NA,"Pingtung, Ako",22.670556,120.48,1935-11-23,"GBIF","TAI","TAI","TAI","TAI015429",3728,"891706126","森谷憲",NA,1935-11-23,NA,NA,NA,0
"368","Apluda","Apluda mutica","Australia","Queensland",NA,"DARNLEY ISLAND, TORRES STRAIT",-9.597467,143.77165,2002-05-21,"GBIF","BRI","BRI","BRI","Herbrecs",3662,"1652273067","Waterhouse, B.M.","BMW6391",2002-05-21,"Waterhouse, B.M.",NA,NA,0
"369","Apluda","Apluda mutica","China","Guangxi Zhuangzu Zizhiqu",NA,"广运林场大冲肚",24.608601,110.801078,1958-01-01,"GBIF","IBK","IBK","IBK",NA,3699,"1030930070","李荫昆",NA,1958-01-01,NA,NA,NA,0
"370","Apluda","Apluda mutica","Taiwan",NA,NA,"Kantan",22.520556,120.465833,1937-08-16,"GBIF","TAI","TAI","TAI","TAI257119",3728,"891588867",NA,NA,1937-08-16,NA,NA,NA,0
"371","Apluda","Apluda mutica","Thailand",NA,NA,"Thailand; SW; Kanchanaburi; Huay Bankau",14.9167,98.75,1971-11-12,"GBIF","BPBM","BPBM","BPBM","BISH",1838,"1090264464","van Beusekom, C.F. Geesink, B.; Phengkhlai, C.; Wongwan, B.","Collector Number: 3719",1971-11-12,NA,NA,NA,0
"372","Apluda","Apluda mutica","China","Guangxi Zhuangzu Zizhiqu",NA,"马鞍山",24.518994,107.410176,1939-01-01,"GBIF","IBK","IBK","IBK",NA,3699,"1030930099","陈立卿",NA,1939-01-01,NA,NA,NA,0
"373","Apluda","Apluda mutica","Taiwan",NA,NA,"Chuweitzu, Chuweitzu",23.736667,120.546667,1933-09-01,"GBIF","TAI","TAI","TAI","TAI257116",3728,"891588836","足利實",NA,1933-09-01,NA,NA,NA,0
"374","Apluda","Apluda mutica","Papua New Guinea",NA,NA,"Hagen Sub-district: Western Highlands. Keleng Hills, road between Ogelbeng and Kinjibe.",-5.8,144.2167,1957-06-26,"GBIF","CANB","CANB","CANB","CANB",3664,"993383683","Robbins, R.G.","50",1957-06-26,"Sánchez-Ken, J.G.",2003-03-01,NA,0
"375","Apluda","Apluda mutica","China","Yunnan Sheng",NA,"营盘公社",26.453601,99.416689,1981-01-01,"GBIF","PE","PE","PE",NA,3713,"919564966","北京植物所横断山队",NA,1981-01-01,NA,NA,NA,0
"376","Apluda","Apluda mutica","Taiwan",NA,NA,"Lanyu, Orchid Is. (Botel Tobago, Kotosyo)",22.056389,121.514444,1911-06-15,"GBIF","TAI","TAI","TAI","TAI015452",3728,"891706079","Taiya Kawakami 川上瀧彌",NA,1911-06-15,NA,NA,NA,0
"377","Apluda","Apluda mutica","Taiwan",NA,NA,"Chialeshui",22,120.853889,1978-08-27,"GBIF","TAI","TAI","TAI","TAI181495",3728,"891620730","C.L.Huang",NA,1978-08-27,"C.L.Huang",NA,NA,0
"378","Apluda","Apluda mutica","Pakistan",NA,NA,"Mansehra - Thakot, P. W; Hazara, Kohistan/North-West Frontier Province",34.6,73.08,1995-08-28,"GBIF","GMBA","GMBA","GMBA","The Himalayan Uplands Plant database (HUP Version 1)",3000,"615266906","B.Dickoré (Coll. MSB)",NA,1995-08-28,"K. Lewejohann (2006)",NA,NA,0
"379","Apluda","Apluda mutica","China","Guangxi Zhuangzu Zizhiqu",NA,"",23.490446,111.295924,1933-01-01,"GBIF","IBSC","IBSC","IBSC",NA,3815,"1303953586","汪振儒",NA,1933-01-01,NA,NA,NA,0
"380","Apluda","Apluda mutica","Taiwan",NA,NA,"Lanyu, Orchid Is. (Botel Tobago, Kotosyo)",22.056389,121.514444,NA,"GBIF","TAI","TAI","TAI","TAI015450",3728,"891706099","Taiya Kawakami 川上瀧彌",NA,NA,NA,NA,NA,0
"381","Apluda","Apluda mutica","Taiwan",NA,NA,"Dong Hwa Univ",24.411944,121.443611,NA,"GBIF","TAIF","TAIF","TAIF","TAIF146447",3231,"353038164","Tien-Tsai Chen",NA,NA,"Tien-Tsai Chen",NA,NA,0
"382","Apluda","Apluda mutica","Nepal","Madhyamanchal","Narayani Zone","Chitwan National Park. Lake Lamital",27.550556,84.350833,2004-11-19,"GBIF","E","E","E","E",3550,"574910586","Second Darwin Nepal Fieldwork Training Expedition","A23",2004-11-19,NA,NA,NA,0
"383","Apluda","Apluda mutica","Papua New Guinea",NA,NA,"Near Miruma village, Upper Asaro Valley, Goroka Subdistrict.",-5.95,145.2667,1956-06-20,"GBIF","CANB","CANB","CANB","CANB",3664,"993730260","Hoogland, R.D.","5404",1956-06-20,"Sánchez-Ken, J.G.",2003-03-01,NA,0
"384","Apluda","Apluda mutica","Papua New Guinea",NA,NA,"Near Wigote village, (Torricelli Mts), Lumi Subdistrict, Sepik District.",-3.4458,142.1583,1961-09-09,"GBIF","CANB","CANB","CANB","CANB",3664,"993111987","Darbyshire, P.J.","395",1961-09-09,"Sánchez-Ken, J.G.",2003-03-01,NA,0
"385","Apluda","Apluda mutica","China","Guangxi Zhuangzu Zizhiqu",NA,"良丰雁山村西林公园附近",25.255089,110.050532,1927-01-01,"GBIF","IBK","IBK","IBK",NA,3699,"1030930092",NA,NA,1927-01-01,NA,NA,NA,0
"386","Apluda","Apluda mutica","India",NA,NA,"",22.883478,79.616202,1952-09-06,"GBIF","NHMUK","NHMUK","NHMUK","BOT",2075,"1055341640","O.V. Polunin, W.R. Sykes & L.H.J. Williams","3232",1952-09-06,"Jorge Sánchez-Ken",NA,NA,0
"387","Apluda","Apluda mutica","Oman",NA,NA,"Oman, Dhofar, SE facing slopes of the Jabal Qara along the track between Raysut and Qaftawt, Anogeissus dhofarica - Commiphora woodland, alt  100 m, 17°03N, 53°54'E.",17.05,53.9,1998-10-03,"GBIF","W","W","W","Herbarium W",3736,"1230508216","Hein,P.",NA,1998-10-03,"H. Scholz 1998",NA,NA,0
"388","Apluda","Apluda mutica","China","Sichuan Sheng",NA,"南田村林场",28.262715,103.571742,1964-01-01,"GBIF","CDBI","CDBI","CDBI",NA,3445,"1030901094","朱太平等",NA,1964-01-01,NA,NA,NA,0
"389","Apluda","Apluda mutica","Taiwan",NA,NA,"Tuku, Toko",23.671667,120.384167,1936-08-14,"GBIF","TAI","TAI","TAI","TAI257118",3728,"891588852","S.Suzuki 鈴木重良",NA,1936-08-14,NA,NA,NA,0
"390","Apluda","Apluda mutica","China","Guangxi Zhuangzu Zizhiqu",NA,"广运林场",24.608601,110.801078,1958-01-01,"GBIF","IBK","IBK","IBK",NA,3699,"1030930081","李荫昆",NA,1958-01-01,NA,NA,NA,0
"391","Apluda","Apluda mutica","Papua New Guinea","Morobe",NA,"Gabensis - Wagau Track, 6 miles S of Gabensis, Lae Subdistrict, Morobe District.",-6.6667,146.75,1970-05-21,"GBIF","CANB","CANB","CANB","CANB",3664,"993191576","Streimann, H.","NGF 47739",1970-05-21,"Sánchez-Ken, J.G.",2003-03-01,NA,0
"392","Apluda","Apluda mutica","China","Guangdong Sheng",NA,"坑仔附近",20.444386,110.206057,1954-01-01,"GBIF","IBK","IBK","IBK",NA,3699,"1030930049","徐闻队",NA,1954-01-01,NA,NA,NA,0
"393","Apluda","Apluda mutica","Japan","Okinawa","Miyakojima Shi","",24.80544,125.28128,1973-11-04,"GBIF","NAC","NAC","NAC","VA",3660,"1828723149",NA,NA,1973-11-04,NA,NA,NA,0
"394","Apluda","Apluda mutica","China","Guangxi Zhuangzu Zizhiqu",NA,"雁山廖家山",25.255089,110.050532,1948-01-01,"GBIF","IBK","IBK","IBK",NA,3699,"1030930041","李树刚",NA,1948-01-01,NA,NA,NA,0
"395","Apluda","Apluda mutica","China","Guangdong Sheng",NA,"洪连洞",25.22845,113.217309,1930-01-01,"GBIF","IBSC","IBSC","IBSC",NA,3815,"1303915159","陈念劬",NA,1930-01-01,NA,NA,NA,0
"396","Apluda","Apluda mutica","Taiwan",NA,NA,"Shuiyuanti",22.666667,120.5,1929-09-30,"GBIF","TAI","TAI","TAI","TAI134696",3728,"891644032","S.Suzuki 鈴木重良",NA,1929-09-30,NA,NA,NA,0
"397","Apluda","Apluda mutica","India","West Bengal",NA,"Cult. in Hort. Bot. Cal. [Calcutta].",22.5,88.3333,NA,"GBIF","MEL","MEL","MEL","MEL",3283,"995155734","[unknown]","s.n.",NA,"Gabriel Sanchez-Ken, J.",2003-08-01,NA,0
"398","Apluda","Apluda mutica","Papua New Guinea",NA,NA,"Between Kwikila and Kapa-Kapa, Rigo Subdistrict.",-9.8167,147.65,1962-07-08,"GBIF","CANB","CANB","CANB","CANB",3664,"993118729","Pullen, R.","3239",1962-07-08,"Sánchez-Ken, J.G.",2003-03-01,NA,0
"399","Apluda","Apluda mutica","Japan","Okinawa","Ishigaki-shi","",24.427148,124.183456,1972-06-24,"GBIF","KPM","KPM","KPM","NA",3409,"388791232",NA,NA,1972-06-24,NA,NA,NA,0
"400","Apluda","Apluda mutica","China","Guangdong Sheng",NA,"Flora of Kwangtung. Chiao-tou-ying. West River, Yun Fou district.",23,113,1928-02-02,"GBIF","MEL","MEL","MEL","MEL",3283,"995155714","Wang","580",1928-02-02,"Gabriel Sanchez-Ken, J.",2003-08-01,NA,0
"401","Apluda","Apluda mutica","China","Yunnan Sheng",NA,"南沙附近",23.219942,102.835218,1973-01-01,"GBIF","PE","PE","PE",NA,3713,"919564973","陶德定",NA,1973-01-01,NA,NA,NA,0
"402","Apluda","Apluda mutica","China","Guangxi Zhuangzu Zizhiqu",NA,"良丰农院附近",25.255089,110.050532,1952-01-01,"GBIF","IBK","IBK","IBK",NA,3699,"1030930096","徐月邦",NA,1952-01-01,NA,NA,NA,0
"403","Apluda","Apluda mutica","Taiwan",NA,NA,"Nanjenshan, Hiiranzan",22.089722,120.862778,1982-09-10,"GBIF","TAI","TAI","TAI","TAI200249",3728,"891611165","T.C.Huang 黃增泉",NA,1982-09-10,"T.C.Huang 黃增泉",NA,NA,0
"404","Apluda","Apluda mutica","China","Yunnan Sheng",NA,"龙街区金沙江边",25.704553,101.874472,1963-01-01,"GBIF","PE","PE","PE",NA,3713,"919565018","滇西北金沙江队",NA,1963-01-01,NA,NA,NA,0
"405","Apluda","Apluda mutica","Cocos Islands",NA,NA,"West Island, Ujong Tanjong, near jetty.",-12.1372,96.8208,1985-05-02,"GBIF","CANB","CANB","CANB","CBG",3664,"993889334","Telford, I.R.","10001",1985-05-02,"Sánchez-Ken, J.G.",2003-03-01,NA,1
"406","Apluda","Apluda mutica","Japan","Okinawa",NA,"",24.056914,123.779357,1972-07-08,"GBIF","KPM","KPM","KPM","NA",3409,"388791231",NA,NA,1972-07-08,NA,NA,NA,0
"407","Apluda","Apluda mutica","China","Sichuan Sheng",NA,"红柯公社山坡中部",27.928607,101.279419,1978-01-01,"GBIF","CDBI","CDBI","CDBI",NA,3445,"1030901049","赵清盛、杨亚滨等",NA,1978-01-01,NA,NA,NA,0
"408","Apluda","Apluda mutica","Papua New Guinea","Central",NA,"Veiya [Veia].",-9.0667,147.0333,1935-03-15,"GBIF","CANB","CANB","CANB","CANB",3664,"993163940","Carr, C.E.","11741",1935-03-15,"Sánchez-Ken, J.G.",2003-03-01,NA,0
"409","Apluda","Apluda mutica","China","Sichuan Sheng",NA,"红柯公社山坡中部",27.928607,101.279419,1978-01-01,"GBIF","CDBI","CDBI","CDBI",NA,3445,"1030901119","赵清盛、杨亚滨等",NA,1978-01-01,NA,NA,NA,0
"410","Apluda","Apluda mutica","China","Yunnan Sheng",NA,"营盘公社",26.453601,99.416689,1981-01-01,"GBIF","PE","PE","PE",NA,3713,"919565043","北京植物所横断山队",NA,1981-01-01,NA,NA,NA,0
"411","Apluda","Apluda mutica","China","Yunnan Sheng",NA,"坡岗",23.012914,104.394161,1956-01-01,"GBIF","PE","PE","PE",NA,3713,"919565016","中苏联合云南考察团",NA,1956-01-01,NA,NA,NA,0
"412","Apluda","Apluda mutica","China","Sichuan Sheng",NA,"泸定区",28.549809,102.177079,1980-01-01,"GBIF","CDBI","CDBI","CDBI",NA,3445,"1030901357","四川植被队",NA,1980-01-01,NA,NA,NA,0
"413","Apluda","Apluda mutica","Taiwan",NA,NA,"Manchou",22.0225,120.831389,NA,"GBIF","TAIF","TAIF","TAIF","TAIF153161",3231,"353038162",NA,NA,NA,"Sung-Po li",NA,NA,0
"414","Apluda","Apluda mutica","China","Guangdong Sheng",NA,"营埠老虎冲附近",24.813781,113.184435,1942-01-01,"GBIF","IBK","IBK","IBK",NA,3699,"1030930037","陈少卿",NA,1942-01-01,NA,NA,NA,0
"415","Apluda","Apluda mutica","Afghanistan",NA,NA,"Dewagal Darrar (Kunar Vy. side Vy. NW Chawki), Chalas surroundings; E Afghanistan/Velāyat-e Konar",34.77,70.85,1973-08-30,"GBIF","GMBA","GMBA","GMBA","The Himalayan Uplands Plant database (HUP Version 1)",3000,"615267015","O.Anders (Coll. G, MSB)",NA,1973-08-30,NA,NA,NA,0
"416","Apluda","Apluda mutica","China","Sichuan Sheng",NA,"大金河",27.422643,101.509187,1982-01-01,"GBIF","CDBI","CDBI","CDBI",NA,3445,"1030870241","杨亚滨、姚淦",NA,1982-01-01,NA,NA,NA,0
"417","Apluda","Apluda mutica","Yemen",NA,NA,"Socotra: Mumi area.",12.55,54.233333,1994-01-20,"GBIF","E","E","E","E",3550,"575241493","Thulin, M. & Gifri, A.N.","8649",1994-01-20,NA,NA,NA,0
"418","Apluda","Apluda mutica","Taiwan",NA,NA,"Suigenchi (Suigenchii, Suigechi, Sugenchi, Biihunyama Suigenti, Biihunyama Suigenchi)",25.0075,121.53,1958-07-01,"GBIF","TAI","TAI","TAI","TAI015432",3728,"891706115","T.I.Chuang 莊燦陽",NA,1958-07-01,"S.Suzuki 鈴木重良",NA,NA,0
"419","Apluda","Apluda mutica","New Caledonia",NA,NA,"Pouebo - Diahoue Caffeieres",-20.483333,164.683333,NA,"GBIF","Université de Strasbourg","Université de Strasbourg","Université de Strasbourg","CAL",1457,"931125928","Hoff M.",NA,NA,NA,NA,NA,0
"420","Apluda","Apluda mutica","Thailand","Chiang Mai",NA,"Km 24-28 along road Mae Rim - Samoeng",18.866,98.783,2001-10-21,"GBIF","AAU","AAU","AAU","Herbarium",3298,"47725072","S.  Laegaard",NA,2001-10-21,NA,NA,NA,0
"421","Apluda","Apluda mutica","Taiwan","Taiwan","Taitung","Chintsun",22.933333,121.25,NA,"GBIF","TAIF","TAIF","TAIF","TAIF197480",3231,"353038169","Pei-Hsuan Lee",NA,NA,"Pei-Hsuan Lee",NA,NA,0
"422","Apluda","Apluda mutica","China","Yunnan Sheng",NA,"镇越猛鑫",21.475834,101.56752,1936-01-01,"GBIF","KUN","KUN","KUN",NA,3393,"1304024114","王启无",NA,1936-01-01,NA,NA,NA,0
"423","Apluda","Apluda mutica","India",NA,NA,"",22.883478,79.616202,NA,"GBIF","NHMUK","NHMUK","NHMUK","BOT",2075,"1057366056","Thomas Nuttall; b.1786; d.1859; Nutt.","s.n.",NA,"Jorge Sánchez-Ken; Sánchez-Ken",NA,NA,0
"424","Apluda","Apluda mutica","New Caledonia",NA,NA,"New Caledonia.",-21.5,165.5,1887-01-01,"GBIF","MEL","MEL","MEL","MEL",3283,"995155230","Hodgson, E.A.","s.n.",1887-01-01,"Gabriel Sanchez-Ken, J.",2003-03-01,NA,0
"425","Apluda","Apluda mutica","Taiwan",NA,NA,"Anping, Annping",23.005833,120.144167,1960-06-19,"GBIF","TAI","TAI","TAI","TAI134676",3728,"891644056","C.Hsu",NA,1960-06-19,"C.Hsu",NA,NA,0
"426","Apluda","Apluda mutica","China","Guangxi Zhuangzu Zizhiqu","Guilin Shi","雁山附近",25.175621,110.351669,1953-01-01,"GBIF","IBK","IBK","IBK",NA,3699,"1030930077","徐月邦",NA,1953-01-01,NA,NA,NA,0
"427","Apluda","Apluda mutica","China","Guangxi Zhuangzu Zizhiqu",NA,"雁山附近",25.255089,110.050532,1953-01-01,"GBIF","IBK","IBK","IBK",NA,3699,"1030930102","徐月邦",NA,1953-01-01,NA,NA,NA,0
"428","Apluda","Apluda mutica","Taiwan",NA,NA,"Hengchun, Kosyun",22.003611,120.734722,1972-09-16,"GBIF","TAI","TAI","TAI","TAI145665",3728,"891636787","Ben-Hung Wang 王秉宏",NA,1972-09-16,"C.Hsu",NA,NA,0
"429","Apluda","Apluda mutica","China","Yunnan Sheng",NA,"东山",23.36561,103.388085,1939-01-01,"GBIF","KUN","KUN","KUN",NA,3393,"1304024081","王启无",NA,1939-01-01,NA,NA,NA,0
"430","Apluda","Apluda mutica","Afghanistan",NA,NA,"Dewagal Darrah (Kunar side Vy. NW Chawki), Vy., W Chalas, P. towards Darrah-e Mazar; E Afghanistan/Velāyat-e Konar",34.75,70.83,1973-08-31,"GBIF","GMBA","GMBA","GMBA","The Himalayan Uplands Plant database (HUP Version 1)",3000,"615267016","O.Anders (Coll. G, LG)",NA,1973-08-31,NA,NA,NA,0
"431","Apluda","Apluda mutica","New Caledonia",NA,NA,"New Caledonia.",-21.5,165.5,1887-01-01,"GBIF","MEL","MEL","MEL","MEL",3283,"995155276","Hodgson, E.A.","s.n.",1887-01-01,"Gabriel Sanchez-Ken, J.",2003-03-01,NA,0
"432","Apluda","Apluda mutica","Cocos Islands",NA,NA,"West Island, Ujong Tanjong, near jetty.",-12.1372,96.8208,1985-08-03,"GBIF","CANB","CANB","CANB","CBG",3664,"993889483","Telford, I.R.","10005",1985-08-03,"Sánchez-Ken, J.G.",2003-03-01,NA,1
"433","Apluda","Apluda mutica","Cocos Islands",NA,NA,"West Island, Ujong Tanjong, near jetty.",-12.1372,96.8208,1985-08-03,"GBIF","CANB","CANB","CANB","CBG",3664,"993889460","Telford, I.R.","10005",1985-08-03,"Sánchez-Ken, J.G.",2003-03-01,NA,1
"434","Apluda","Apluda mutica","Palau",NA,NA,"NW Babeldaob Island; 0.3 mi S of Ngardmau Palau; Koror; NW Babeldaob Island; 0.3 mi S of Ngardmau",7.6,134.583,1978-01-20,"GBIF","BPBM","BPBM","BPBM","BISH",1838,"1090342247","Canfield, J.E.","Collector Number: 394",1978-01-20,"N.Snow",2008-04-11,NA,0
