,scrubbed_genus,scrubbed_species_binomial,country,state_province,county,locality,latitude,longitude,date_collected,datasource,dataset,dataowner,custodial_institution_codes,collection_code,datasource_id,catalog_number,recorded_by,record_number,date_collected,identified_by,date_identified,identification_remarks,is_new_world
1,Chionachne,Chionachne cyathopoda,Australia,Queensland,North Burnett,MURGON,-26.24854662,151.9174681,5/9/50,GBIF,BRI,BRI,BRI,Herbrecs,3662,1651995644,"Mullaly, R.K.",NA,5/9/50,NA,NA,NA,0
2,Chionachne,Chionachne cyathopoda,Australia,Queensland,NA,PROSERPINE,-20.41524277,148.5841523,4/14/36,GBIF,BRI,BRI,BRI,Herbrecs,3662,1651995667,"Worthington, W.",NA,4/14/36,NA,NA,NA,0
3,Chionachne,Chionachne cyathopoda,Australia,Queensland,NA,lawn hill station qld.,-18.71521001,138.46784,7/23/71,GBIF,DNA,DNA,DNA,DNA,3755,994235894,"Latz, P.",1611,7/23/71,NA,NA,NA,0
4,Chionachne,Chionachne cyathopoda,Australia,Northern,NA,"1 mile W of Research Station, Katherine.",-14.4833,132.3,4/11/56,GBIF,CANB,CANB,CANB,CANB,3664,993315002,"Burbidge, N.T.",5120,4/11/56,"Burbidge, N.T.",NA,NA,0
5,Chionachne,Chionachne cyathopoda,Australia,Queensland,NA,"1 km W of Glen Geddes Railsiding.  [AGD84] (56,216993,7450512)  (8951-169505).",-23.0297,150.2386,3/18/05,GBIF,MEL,MEL,MEL,MEL,3283,995396420,"Forster, P.I.",30608,3/18/05,"Thompson, E.J.",10/1/05,NA,0
6,Chionachne,Chionachne cyathopoda,Australia,Western Australia,NA,3km N of Myroodah Hsd in Fitzroy river floodplain on road to Liveringa,-18.09444401,124.265,4/28/93,GBIF,PERTH,PERTH,PERTH,PERTH,3397,996463468,"Mitchell, A.A.",3052,4/28/93,B.R.Symon,7/22/93,NA,0
7,Chionachne,Chionachne cyathopoda,Australia,Queensland,NA,"BURNETT RIVER NEAR TIM FISHER BRIDGE, C. 15KM S OF GIN GIN.",-25.12862444,151.9853062,4/19/04,GBIF,BRI,BRI,BRI,Herbrecs,3662,1652212750,"Bean, A.R.",22037,4/19/04,NA,NA,NA,0
8,Chionachne,Chionachne gigantea,India,NA,NA,Inde,22.88361,79.61611,NA,GBIF,G,G,G,Geneva Herbarium – General Collection (G),3547,1144659496,"Roxburgh, W. (Coll. Delessert)",NA,NA,"Jannink, T. A. (1998)",NA,NA,0
9,Chionachne,Chionachne hubbardiana,Australia,Northern,NA,MacArthur River Mine lease,-16.41901001,136.10859,4/8/03,GBIF,DNA,DNA,DNA,DNA,3755,994371508,"Brennan, K.",5966,4/8/03,NA,NA,NA,0
10,Chionachne,Chionachne cyathopoda,Australia,Queensland,NA,"Flinders River Crossing, 40 miles SW of Normanton.",-18.1167,140.3,5/29/67,GBIF,CANB,CANB,CANB,CANB,3664,993167864,"Symon, D.E.",4957,5/29/67,"Symon, D.E.",NA,NA,0
11,Chionachne,Chionachne cyathopoda,Australia,Queensland,NA,"Hobble Chain Creek, `Wernadinga'.",-17.93,139.93,4/29/74,GBIF,NSW,NSW,NSW,NSW,3466,995808249,"Jacobs, S. W. L.",1341,4/29/74,"Jannink, T. A.",6/1/98,NA,0
12,Chionachne,Chionachne cyathopoda,Australia,Queensland,NA,Gracemere.,-23.4333,150.45,1873-11-01,GBIF,MEL,MEL,MEL,MEL,3283,994883530,"O'Shanesy, P.A.",1411,1873-11-01,"Simon, B.K.",8/10/84,NA,0
13,Chionachne,Chionachne cyathopoda,Australia,Northern,NA,25 miles n.n.e. of mt sanford out station n.t.,-16.66525601,130.701235,6/19/49,GBIF,DNA,DNA,DNA,DNA,3755,994229612,"Perry, R.",2176,6/19/49,NA,NA,NA,0
14,Chionachne,Chionachne macrophylla,Indonesia,NA,NA,Hollandia and vicinity (Hollandia - Binnen).,-2.5167,140.6833,4/9/59,GBIF,CANB,CANB,CANB,CANB,3664,993748316,"Wilde, A.G. de",412,4/9/59,"Lally, T.R.",3/10/03,NA,0
15,Chionachne,Chionachne cyathopoda,Australia,Queensland,NA,3.4KM N OF THE JUNCTION OF WATERFALL CK ALONG MT CHRISTIAN RD,-21.59023603,149.3591469,4/28/94,GBIF,BRI,BRI,BRI,Herbrecs,3662,1652201235,"Pollock, A.B.",209,4/28/94,NA,NA,NA,0
16,Chionachne,Chionachne punctata,Indonesia,NA,NA,Java. archipel.ind.java. Hadiven. N.gliron. n.ind. Gadjihan.,-7.49,110.54,NA,GBIF,K,K,K,Herbarium,3716,912325460,s.coll.,8,NA,Backer,NA,NA,0
17,Chionachne,Chionachne macrophylla,Papua New Guinea,NA,NA,"Deidei, Gomwa Bay, Fergusson Isl.",-9.65,150.85,7/5/56,GBIF,CANB,CANB,CANB,CANB,3664,993511701,"Brass, L.J.",27342,7/5/56,"Lally, T.R.",3/10/03,NA,0
18,Chionachne,Chionachne hubbardiana,Australia,Queensland,NA,NR FERNY FLAT CAMPING AREA EUNGELLA NP,-21.1735734,148.5091562,5/24/92,GBIF,BRI,BRI,BRI,Herbrecs,3662,1652129696,"Bean, A.R.",4470,5/24/92,NA,NA,NA,0
19,Chionachne,Chionachne hubbardiana,Australia,Northern,NA,37 [59.5 km] miles W of Anthonys Lagoon.,-17.9833,135,6/25/47,GBIF,CANB,CANB,CANB,CANB,3664,993135500,"Perry, R.A.",66,6/25/47,"Burbidge, N.T.",8/16/54,NA,0
20,Chionachne,Chionachne hubbardiana,Australia,Queensland,NA,NEBO,-21.74857071,148.7508225,5/1/54,GBIF,BRI,BRI,BRI,Herbrecs,3662,1651995668,"Leggett, C.E.",NA,5/1/54,NA,NA,NA,0
21,Chionachne,Chionachne hubbardiana,Australia,Western Australia,NA,"Kimberley Research Station, Ord River.",-15.65,128.7167,4/17/58,GBIF,CANB,CANB,CANB,CANB,3664,993487911,"Burbidge, N.T.",5772,4/17/58,"Burbidge, N.T.",5/1/58,NA,0
22,Chionachne,Chionachne cyathopoda,Australia,Queensland,NA,"Cabbage Tree Creek, 19 km E of Old Laura on the road to Cooktown",-15.29860822,144.600852,5/13/87,GBIF,CNS,CNS,CNS,QRS,3642,994196657,"Clarkson, J.R.",7209,5/13/87,NA,NA,NA,0
23,Chionachne,Chionachne cyathopoda,Australia,Queensland,NA,"Burke District, Richmond on lightly forested banks of Flinders River ca. 700ft.",-20.06670001,143,6/18/34,GBIF,DNA,DNA,DNA,DNA,3755,994385678,"Blake, S.",6311,6/18/34,NA,NA,NA,0
24,Chionachne,Chionachne cyathopoda,Australia,Queensland,NA,Tarampa,-27.49854163,152.5507991,NA,GBIF,HO,HO,HO,HO,3572,994530894,"Rodway, L.",s.n.,NA,NA,NA,NA,0
25,Chionachne,Chionachne cyathopoda,Australia,Queensland,NA,SOUTH MOLLE IS 10KM E OF SHUTE HARBOUR,-20.27357545,148.8424825,11/23/86,GBIF,BRI,BRI,BRI,Herbrecs,3662,1652073456,"Sharpe, P.R.",4570,11/23/86,NA,NA,NA,0
26,Chionachne,Chionachne cyathopoda,Australia,Northern,NA,Wongalara.,-14.2214,134.5603,6/6/12,GBIF,CNS,CNS,CNS,CNS,3642,1061539821,"Brennan, K.",9923,6/6/12,NA,NA,NA,0
27,Chionachne,Chionachne macrophylla,Papua New Guinea,Bougainville,NA,"North Solomons. Novah, Buka Island, Autonomous Region of Boungainville.",-5.4181,154.6258,11/17/10,GBIF,CANB,CANB,CANB,CANB,3664,993643302,"McKenna, S.G.",794,11/17/10,"McKenna, S.G.",NA,NA,0
28,Chionachne,Chionachne cyathopoda,Australia,Queensland,NA,GLEN GEDDES ROCKHAMPTON,-23.04022826,150.2424753,1/1/89,GBIF,BRI,BRI,BRI,Herbrecs,3662,1652079492,"Reeves, R.D.",346,1/1/89,NA,NA,NA,0
29,Chionachne,Chionachne cyathopoda,Australia,Queensland,NA,MURRAY IS,-9.923640392,144.0425176,8/1/70,GBIF,BRI,BRI,BRI,Herbrecs,3662,1651995622,"Lawrie, M.",84,8/1/70,NA,NA,NA,0
30,Chionachne,Chionachne cyathopoda,Australia,Queensland,NA,Neerkol Creek.,-23.45,150.3667,NA,GBIF,MEL,MEL,MEL,MEL,3283,994884158,"Bowman, E.M.",s.n.,NA,"Simon, B.K.",8/10/84,NA,0
31,Chionachne,Chionachne cyathopoda,Australia,Queensland,NA,"Cabbage Tree Creek, 19 km E of Old Laura on the road to Cooktown.",-15.3,144.6,5/13/87,GBIF,NSW,NSW,NSW,NSW,3466,995808953,"Clarkson, J. R.",7209,5/13/87,"Clarkson, J. R.",NA,NA,0
32,Chionachne,Chionachne cyathopoda,Australia,Western Australia,NA,50 m from Ivanhoe crossing on S side.,-15.6619,128.6797,3/5/92,GBIF,CANB,CANB,CANB,CANB,3664,993395219,"Mitchell, A.A.",2192,3/5/92,"Lazarides, M.",7/1/92,NA,0
33,Chionachne,Chionachne punctata,Indonesia,Nusa Tenggara Timur,NA,,-9.01,125.12,1803-04-01,GBIF,NHMUK,NHMUK,NHMUK,BOT,2075,1056591972,Robert Brown,s.n.,1803-04-01,Atchara Teerawatananon,NA,NA,0
34,Chionachne,Chionachne cyathopoda,Australia,Queensland,NA,Ennasleigh [=Enasleigh].,-18.5167,144.0667,1882-01-01,GBIF,MEL,MEL,MEL,MEL,3283,995041357,"Palmer, E.",96,1882-01-01,"Simon, B.K.",1/1/86,NA,0
35,Chionachne,Chionachne cyathopoda,Australia,Queensland,NA,"HORSE CREEK, 27.5KM SSW OF GREENVALE TOWARDS PANDANUS CREEK",-19.20109202,144.8733603,5/31/00,GBIF,BRI,BRI,BRI,Herbrecs,3662,1652141932,"Cumming, R.J.",19604,5/31/00,NA,NA,NA,0
36,Chionachne,Chionachne hubbardiana,Australia,Northern,NA,16km NNW Connells Bore,-18.78187701,136.467863,6/2/82,GBIF,DNA,DNA,DNA,NT,3755,1257348067,"Latz, P.",9240,6/2/82,NA,NA,NA,0
37,Chionachne,Chionachne cyathopoda,Australia,Queensland,NA,"On Julia Creek Road, c. 4km SE of Burke & Wills Roadhouse.",-19.25060001,140.3694,2/27/05,GBIF,CNS,CNS,CNS,MBA,3642,1061549222,"Fox, I.D.",3550,2/27/05,"Harris, W.K. (BRI replicate)",1/1/06,NA,0
38,Chionachne,Chionachne cyathopoda,Australia,Queensland,NA,"Katapatu Crossing, Kaanju Nation, Central Cape York.",-13.1183,142.9953,5/30/08,GBIF,CNS,CNS,CNS,CNS,3642,994050079,"Smith, N.M.",5382,5/30/08,"Smith, N.M.",1/1/08,NA,0
39,Chionachne,Chionachne hubbardiana,Australia,Queensland,NA,C. 55km S of Normanton on the Burke Development Road to Cloncurry.,-18.00690001,140.8933,2/22/06,GBIF,CNS,CNS,CNS,MBA,3642,1061549631,"Fox, I.D.",3785,2/22/06,"Fox, I.D. (BRI replicate)",NA,NA,0
40,Chionachne,Chionachne cyathopoda,Australia,Northern,NA,Daly River Community Centre,-13.7497,130.6867,6/7/12,GBIF,DNA,DNA,DNA,DNA,3755,994412442,"Westaway, J.",4022,6/7/12,NA,NA,NA,0
41,Chionachne,Chionachne cyathopoda,Australia,Northern,NA,bamboo springs,-16.38192301,129.501243,5/3/88,GBIF,DNA,DNA,DNA,DNA,3755,994324849,"Smith, N.",1141,5/3/88,NA,NA,NA,0
42,Chionachne,Chionachne cyathopoda,Australia,Queensland,NA,Near Morestone Homestead.,-19.5333,138.3667,5/28/48,GBIF,CANB,CANB,CANB,CANB,3664,993488682,"Perry, R.A.",1020,5/28/48,"Blake, S.T.",NA,NA,0
43,Chionachne,Chionachne cyathopoda,Australia,Queensland,NA,CABBAGE TREE CK 19KM EAST OF OLD LAURA ON THE ROAD TO COOKTOWN,-15.30694116,144.609185,5/13/87,GBIF,BRI,BRI,BRI,Herbrecs,3662,1652077678,"Clarkson, J.R.",7209,5/13/87,"Clarkson, J.R.",NA,NA,0
44,Chionachne,Chionachne macrophylla,Papua New Guinea,Central,NA,Kanosia.,-8.9667,146.95,2/14/35,GBIF,CANB,CANB,CANB,CANB,3664,993164304,"Carr, C.E.",11344,2/14/35,"Lally, T.R.",3/10/03,NA,0
45,Chionachne,Chionachne cyathopoda,Australia,Queensland,NA,16KM NW OF CHARTERS TOWERS ON RD TO THE LYND,-19.94025217,146.2425137,4/21/78,GBIF,BRI,BRI,BRI,Herbrecs,3662,1652028421,"Simon, B.K.",3446,4/21/78,"Simon, B.K.",NA,NA,0
46,Chionachne,Chionachne cyathopoda,Australia,Queensland,NA,"Settlement Creek, ""Westmoreland"" to ""Wollogorang"" Road.",-17.2,138.0333,5/12/74,GBIF,CANB,CANB,CANB,CANB,3664,993225182,"Jacobs, S.",1556,5/12/74,"Simon, B.K.",1/1/85,NA,0
47,Chionachne,Chionachne hubbardiana,Australia,NA,NA,4 miles (6.4 km) NW of McKinlay township.,-21.23,141.25,3/20/54,GBIF,NSW,NSW,NSW,NSW,3466,995754840,"Lazarides, M.",4454,3/20/54,"Lazarides, M.",NA,NA,0
48,Chionachne,Chionachne cyathopoda,Australia,Northern,NA,daly river.,-13.765263,130.701215,7/17/46,GBIF,DNA,DNA,DNA,DNA,3755,994256533,"Blake, S.",16495,7/17/46,NA,NA,NA,0
49,Chionachne,Chionachne macrophylla,Papua New Guinea,NA,NA,"Near Jegarata Village (South of Popondetta), Northern District.",-8.7833,148.2167,7/17/53,GBIF,CANB,CANB,CANB,CANB,3664,993115835,"Hoogland, R.D.",3365,7/17/53,"Jannink, T.S.",6/1/98,NA,0
50,Chionachne,Chionachne cyathopoda,Australia,Queensland,NA,"Queensland. Burdekin River catchment, Defence Dept's Townsville Field Training Area, Star River, near Basin Yards.",-19.1347,146.17,4/22/02,GBIF,CNS,CNS,CNS,CNS,3642,994051156,"Pettit, N.",s.n.,4/22/02,NA,NA,NA,0
51,Chionachne,Chionachne hubbardiana,Australia,Western Australia,NA,Swamp on S side of Walcott Inlet and about 1 km W of the mouth of the Isdell River,-16.45000001,124.783333,3/25/94,GBIF,PERTH,PERTH,PERTH,PERTH,3397,996643457,"Mitchell, A.A.",3543,3/25/94,B.K. Simon,NA,NA,0
52,Chionachne,Chionachne massiei,Thailand,NA,NA,"Chiang Mai: Along road to Doi Inthanon, near Visitors Center 1-2 km inside park",18.5,98.67,10/15/01,GBIF,K,K,K,Herbarium,3716,912513880,"Norsangsri, M.; Laegaard, S.",21717,10/15/01,"Teerawatananon, A.",4/30/08,NA,0
53,Chionachne,Chionachne cyathopoda,Australia,Queensland,NA,ON DAWSON TRIBUTARY NORTH OF WEIR 2KM NW OF THEODORE,-24.93345636,150.0664049,1/19/98,GBIF,BRI,BRI,BRI,Herbrecs,3662,1652136762,"Watson, M.",NA,1/19/98,"Simon, B.",7/1/98,NA,0
54,Chionachne,Chionachne cyathopoda,Australia,Queensland,NA,DALRYMPLE NP CA 40KM NW OF CHARTERS TOWERS,-19.82358605,146.0925151,10/1/91,GBIF,BRI,BRI,BRI,Herbrecs,3662,1652115457,"Bean, A.R.",3728,10/1/91,NA,NA,NA,0
55,Chionachne,Chionachne cyathopoda,Australia,Queensland,NA,CONDAMINE RIVER,-26.91522121,150.0841638,6/5/62,GBIF,BRI,BRI,BRI,Herbrecs,3662,1651995648,"Turnbull, R.W.",5,6/5/62,NA,NA,NA,0
56,Chionachne,Chionachne hubbardiana,Australia,Northern,NA,Limmen NP approximately 5km north of Limmen Bight River,-15.44828901,135.370858,4/24/08,GBIF,DNA,DNA,DNA,DNA,3755,994394757,"Lewis, D.",751,4/24/08,NA,NA,NA,0
57,Chionachne,Chionachne cyathopoda,Australia,Queensland,NA,"Flinders River on Worimba road, approximately 35 miles [56.3 km] W of Hughenden.",-20.8,143.7,5/11/56,GBIF,CANB,CANB,CANB,CANB,3664,993313949,"Burbidge, N.T.",5379,5/11/56,"Burbidge, N.T.",6/5/56,NA,0
58,Chionachne,Chionachne cyathopoda,Australia,Northern,NA,"Victoria River; motel area, at crossing of Victoria River on Victoria Highway.",-15.6167,131.1167,7/23/79,GBIF,CANB,CANB,CANB,CBG,3664,993839106,"Ollerenshaw, N.",213,7/23/79,"Ward, J.E.",11/26/85,NA,0
59,Chionachne,Chionachne cyathopoda,Australia,NA,NA,Victoria River - near Victoria Highway.,-15.6,131.1,3/1/86,GBIF,NSW,NSW,NSW,NSW,3466,995808203,"Sharam, E.",s.n.,3/1/86,"Jannink, T. A.",6/1/98,NA,0
60,Chionachne,Chionachne macrophylla,Papua New Guinea,Milne Bay,NA,"Menapi, Cape Vogel Peninsula, Milne Bay district.",-9.75,149.9167,3/30/53,GBIF,CANB,CANB,CANB,CANB,3664,993126220,"Brass, L.J.",21746,3/30/53,"Lally, T.R.",3/10/03,NA,0
61,Chionachne,Chionachne macrophylla,Papua New Guinea,NA,NA,"South side of Asaro river, SW of Goroka. Goroka subdistrict; E. Highlands.",-6.0833,145.3833,9/16/57,GBIF,CANB,CANB,CANB,CANB,3664,993409868,"Pullen, R.",614,9/16/57,"Lally, T.R.",3/10/03,NA,0
62,Chionachne,Chionachne hubbardiana,Australia,Northern,NA,17km East of Bundara Bore;50km NE of Helen Springs Hmsd.,-17.98670001,134.1658,6/15/06,GBIF,DNA,DNA,DNA,NT,3755,1257372940,"Latz, P.",21972,6/15/06,NA,NA,NA,0
63,Chionachne,Chionachne cyathopoda,Australia,Queensland,NA,Ayr.,-19.5667,147.4,3/28/35,GBIF,CANB,CANB,CANB,CANB,3664,993210897,"Blake, S.T.",8342,3/28/35,NA,NA,NA,0
64,Chionachne,Chionachne hubbardiana,Australia,Queensland,NA,LOGAN DOWNS CLERMONT,-22.41523896,147.9175031,3/1/27,GBIF,BRI,BRI,BRI,Herbrecs,3662,1651995672,"Fairbairn, G.A.",NA,3/1/27,NA,NA,NA,0
65,Chionachne,Chionachne cyathopoda,Australia,Queensland,NA,"DIPPERU NP, EASTERN SECTION",-21.923611,148.786667,4/26/16,GBIF,BRI,BRI,BRI,Herbrecs,3662,1652373286,"McDonald, K.R.",KRM18586,4/26/16,NA,NA,NA,0
66,Chionachne,Chionachne massiei,Thailand,Chiang Mai,NA,"Along road to Doi Intranon, near Visitors Center 1-2 km inside park, disturbed ground",18.5,98.666,10/15/01,GBIF,AAU,AAU,AAU,Herbarium,3298,47745590,S.  Laegaard,NA,10/15/01,NA,NA,NA,0
67,Chionachne,Chionachne cyathopoda,Australia,Western Australia,NA,"Ivanhoe Station. IBRA Region: VB,",-15.58153801,128.564942,5/21/99,GBIF,PERTH,PERTH,PERTH,PERTH,3397,996694120,"Handasyde, T.",TH 99 178,5/21/99,T. Handasyde,1/19/00,NA,0
68,Chionachne,Chionachne hubbardiana,Australia,NA,NA,Hughenden.,-20.85,144.2,5/19/35,GBIF,NSW,NSW,NSW,NSW,3466,995665749,"Blake, S. T.",11550,5/19/35,NA,NA,NA,0
69,Chionachne,Chionachne hubbardiana,Australia,Queensland,NA,3M N OF BLUFF DOWNS HS,-19.74858797,145.5841869,4/23/53,GBIF,BRI,BRI,BRI,Herbrecs,3662,1651995700,"McGavin, M.D.",7,4/23/53,NA,NA,NA,0
70,Chionachne,Chionachne cyathopoda,Australia,Queensland,NA,Lawn Hill Station.,-18.7167,138.4667,7/23/71,GBIF,CANB,CANB,CANB,CANB,3664,993193533,"Latz, P.K.",1611,7/23/71,"Simon, B.K.",1/1/85,NA,0
71,Chionachne,Chionachne cyathopoda,Australia,Northern,NA,"On Palm Creek, 10kms NNE of Twins Mount.",-14.815265,130.834549,3/8/89,GBIF,DNA,DNA,DNA,DNA,3755,994327774,"Leach, G.",2377,3/8/89,NA,NA,NA,0
72,Chionachne,Chionachne cyathopoda,Australia,Queensland,NA,LAKEFIELD N.P. 22.1KM BY ROAD S. OF LAKEFIELD RANGER BASE.,-15.086667,144.311389,5/5/11,GBIF,BRI,BRI,BRI,Herbrecs,3662,1652328547,"McDonald, K.R.",KRM11083,5/5/11,"Thompson, E.J.",10/1/11,NA,0
73,Chionachne,Chionachne cyathopoda,Australia,Queensland,NA,"Cabbage Tree Creek, W of Lake Emma,",-15.3031,144.616,8/2/97,GBIF,NSW,NSW,NSW,NSW,3466,995840956,"Jacobs, S. W. L.",8200,8/2/97,"Jacobs, S. W. L.",3/1/98,NA,0
74,Chionachne,Chionachne hubbardiana,Australia,Queensland,NA,"Balcomo, near Maxwelton.",-20.7167,142.6667,5/1/49,GBIF,CANB,CANB,CANB,CANB,3664,993182815,"Newton, L.G.",s.n.,5/1/49,"Burbidge, N.T.",8/16/84,NA,0
75,Chionachne,Chionachne cyathopoda,Australia,Queensland,Burke,AT CROSSING OF ROAD TO DOOMADGEE AND GREGORY RIVER,-17.892778,139.287222,7/6/06,GBIF,BRI,BRI,BRI,Herbrecs,3662,1652316104,"Thompson, E.J.",WES801,7/6/06,"Thompson, E.J.",10/1/06,NA,0
76,Chionachne,Chionachne cyathopoda,Australia,Queensland,NA,N OF DINGO AT BRIDGE OVER MACKENZIE RIVER ON BAY RD,-23.05689844,149.1591559,2/12/82,GBIF,BRI,BRI,BRI,Herbrecs,3662,1652026263,"Anderson, E.R.",2911,2/12/82,"Simon, B.K.",NA,NA,0
77,Chionachne,Chionachne cyathopoda,Australia,Queensland,NA,Carpentaria Downs,-18.75,145.35,6/25/38,GBIF,CNS,CNS,CNS,QRS,3642,994134828,"Flecker, H.",CAIRNS 04924,6/25/38,NA,NA,NA,0
78,Chionachne,Chionachne hubbardiana,Australia,Northern,NA,Walhollow Stn.,-17.83327401,135.669254,6/3/95,GBIF,DNA,DNA,DNA,NT,3755,1257354169,"Edgoose, C.",20,6/3/95,NA,NA,NA,0
79,Chionachne,Chionachne hubbardiana,Australia,Western Australia,NA,Kimberley Research Station.,-15.65,128.7167,10/25/58,GBIF,CANB,CANB,CANB,CANB,3664,993190707,"Kleinschmidt, F.H.",24,10/25/58,"Burbidge, N.T.",NA,NA,0
80,Chionachne,Chionachne cyathopoda,Australia,Queensland,NA,"Oak Valley, south of Townsville, Qld Banks of creek",-19.4,146.8,1/16/09,GBIF,JCT,JCT,JCT,JCT,3258,1257393391,"Hooker, N.B.",s.n.,1/16/09,NA,NA,NA,0
81,Chionachne,Chionachne cyathopoda,Australia,NA,NA,Tarampa [near Lowood].,-27.47,152.55,NA,GBIF,NSW,NSW,NSW,NSW,3466,995809249,"Bailey, F. M.",s.n.,NA,"Jannink, T. A.",6/1/98,NA,0
82,Chionachne,Chionachne cyathopoda,Australia,Queensland,North Burnett,"CHERBOURG, E OF TOWN",-26.29274333,151.9638456,11/28/03,GBIF,BRI,BRI,BRI,Herbrecs,3662,1652249121,"Stephens, K.M.",NA,11/28/03,NA,NA,NA,0
83,Chionachne,Chionachne hubbardiana,Australia,Northern,NA,"VRD Station, near Dashwood Crossing.",-16.32608601,131.110402,5/13/94,GBIF,DNA,DNA,DNA,DNA,3755,1257312548,"Egan, J.",3700,5/13/94,NA,NA,NA,0
84,Chionachne,Chionachne hubbardiana,Australia,Northern,NA,O.T. [Overland Telegraph] Station.,-16.6167,135.05,5/9/47,GBIF,CANB,CANB,CANB,CANB,3664,993158233,"Blake, S.T.",17692,5/9/47,NA,NA,NA,0
85,Chionachne,Chionachne hubbardiana,Australia,Northern,NA,Near Gimbat airstrip,-13.559341,132.630126,3/10/93,GBIF,DNA,DNA,DNA,DNA,3755,1257330041,"Brennan, K.",2064,3/10/93,NA,NA,NA,0
86,Chionachne,Chionachne hubbardiana,Australia,Northern,NA,Near Rockhampton Downs.,-18.95,135.2,3/18/47,GBIF,MEL,MEL,MEL,MEL,3283,994884140,"Blake, S.T.",17848,3/18/47,"Simon, B.K.",1/1/85,NA,0
87,Chionachne,Chionachne cyathopoda,Australia,Northern,NA,"Timber Creek, Victoria River.",-15.58192501,130.467897,4/29/68,GBIF,DNA,DNA,DNA,DNA,3755,994294021,"Robinson, C.",51,4/29/68,NA,NA,NA,0
88,Chionachne,Chionachne hubbardiana,Australia,Northern,NA,Birdum Creek and Wubalawun southern boundary.,-15.57300001,133.164,4/26/14,GBIF,DNA,DNA,DNA,NT,3755,1257383946,"Schubert, A.",472,4/26/14,NA,NA,NA,0
89,Chionachne,Chionachne cyathopoda,Australia,Northern,NA,Daly River Community Centre.,-13.7497,130.6869,6/7/12,GBIF,CANB,CANB,CANB,CANB,3664,1061532274,"Westaway, J.",4022,6/7/12,NA,NA,NA,0
90,Chionachne,Chionachne javanica,Indonesia,NA,NA,"Flores, Nunang.",-8.52,120.59,6/9/88,GBIF,K,K,K,Herbarium,3716,912384531,"Schmutz, E.",6747,6/9/88,NA,NA,NA,0
91,Chionachne,Chionachne cyathopoda,Australia,Northern,NA,"Bank of Daly River crossing about 200km SW of Darwin, NT.",-13.766944,130.7075,6/2/04,GBIF,DNA,DNA,DNA,DNA,3755,994406292,"Mitchell, A.",7767,6/2/04,NA,NA,NA,0
92,Chionachne,Chionachne cyathopoda,Australia,Northern,NA,"Sandy Island, Victoria River.",-15.4667,130.3667,1855-12-01,GBIF,MEL,MEL,MEL,MEL,3283,994883420,"Mueller, F.",s.n.,1855-12-01,"Simon, B.K.",8/10/84,NA,0
93,Chionachne,Chionachne cyathopoda,Australia,Queensland,NA,EUNGELLA NP SF NEAR NP OFFICE,-21.17357346,148.4924904,4/5/78,GBIF,BRI,BRI,BRI,Herbrecs,3662,1652030373,"Simon, B.K.",3261,4/5/78,"Simon, B.K.",NA,NA,0
94,Chionachne,Chionachne cyathopoda,Australia,Queensland,NA,5 miles [8.4 km] N of Craigie Station.,-18.4667,144.8167,7/2/53,GBIF,CANB,CANB,CANB,CANB,3664,993118712,"Lazarides, M.",3710,7/2/53,"Lazarides, M.",10/11/65,NA,0
95,Chionachne,Chionachne cyathopoda,Australia,Queensland,NA,"BOYLE CREEK, C 12KM WNW OF MAREEBA",-16.94367258,145.3070196,7/24/04,GBIF,BRI,BRI,BRI,Herbrecs,3662,1652248673,"Bean, A.R.",22709,7/24/04,NA,NA,NA,0
96,Chionachne,Chionachne macrophylla,Indonesia,NA,NA,Hollandia and vicinity (Hollandia - Binnen).,-2.5167,140.6833,4/9/59,GBIF,CANB,CANB,CANB,CANB,3664,993748340,"Wilde, A.G. de",412,4/9/59,"Lally, T.R.",3/10/03,NA,0
97,Chionachne,Chionachne cyathopoda,Australia,Northern,NA,Hodgson River.,-15.215244,134.084529,5/8/69,GBIF,DNA,DNA,DNA,DNA,3755,994294949,"Byrnes, N.",1612,5/8/69,NA,NA,NA,0
98,Chionachne,Chionachne cyathopoda,Australia,Northern,NA,Wongalara,-14.22146,134.56039,6/6/12,GBIF,DNA,DNA,DNA,DNA,3755,994411510,"Brennan, K.",9923,6/6/12,NA,NA,NA,0
99,Chionachne,Chionachne macrophylla,Papua New Guinea,NA,NA,,-6.478766,145.241215,10/21/35,GBIF,NHMUK,NHMUK,NHMUK,BOT,2075,1055457061,Cedric Errol Carr,14646,10/21/35,NA,NA,NA,0
100,Chionachne,Chionachne hubbardiana,Australia,Northern,NA,Moollooloo Station.,-16.37443001,131.442059,5/18/94,GBIF,DNA,DNA,DNA,DNA,3755,1257312619,"Egan, J.",3688,5/18/94,NA,NA,NA,0
101,Chionachne,Chionachne cyathopoda,Australia,Western Australia,NA,"Ord River, Kimberley Research Station, East Kimberley",-15.65472201,128.705,8/30/53,GBIF,PERTH,PERTH,PERTH,PERTH,3397,996396449,"Langfield, E.C.B.",335,8/30/53,B.K. Simon,NA,NA,0
102,Chionachne,Chionachne cyathopoda,Australia,Queensland,NA,"LAKEFIELD NP, 3.8K ALONG 12 MILE WATERHOLE ROAD.",-15.182778,144.384444,7/26/10,GBIF,BRI,BRI,BRI,Herbrecs,3662,1652326257,"McDonald, K.R.",KRM9699,7/26/10,"Thompson, E.J.",10/1/10,NA,0
103,Chionachne,Chionachne cyathopoda,Australia,Queensland,Burke,BEAMES BROOK ON BURKETOWN TO CAMOOWEAL ROAD,-17.87722429,139.3350821,5/31/00,GBIF,BRI,BRI,BRI,Herbrecs,3662,1652109206,"Jago, R.L.",5700,5/31/00,NA,NA,NA,0
104,Chionachne,Chionachne macrophylla,Papua New Guinea,NA,NA,"1 mile N of Aiome Patrol Post along Atemble track. Lower Ramu-Atitau area,  Madang District.",-5.1333,144.7333,8/14/58,GBIF,CANB,CANB,CANB,CANB,3664,993476698,"Pullen, R.",994,8/14/58,"Jannink, T.A.",6/1/98,NA,0
105,Chionachne,Chionachne cyathopoda,Australia,Queensland,NA,"Hughenden, apud monteu Mount Walker.",-20.95,144.2167,3/1/10,GBIF,CANB,CANB,CANB,CANB,3664,993527793,"Domin, K.",s.n. p.p.,3/1/10,"Lally, T.R.",3/5/03,NA,0
106,Chionachne,Chionachne hubbardiana,Australia,Northern,NA,"Big River Station, Herb Plot 3461",-14.48021,134.24693,3/19/03,GBIF,DNA,DNA,DNA,DNA,3755,994371454,"Risler, J.",2037,3/19/03,NA,NA,NA,0
107,Chionachne,Chionachne cyathopoda,Australia,Queensland,NA,Mareeba.,-17.0092,145.398,7/8/94,GBIF,NSW,NSW,NSW,NSW,3466,995784897,"Jacobs, S. W. L.",7180,7/8/94,"Jannink, T. A.",6/1/98,NA,0
108,Chionachne,Chionachne cyathopoda,Australia,Queensland,North Burnett,LOT 73 PARISH OF BAILEY SHIRE OF MONTO,-24.95688596,151.0758061,12/11/93,GBIF,BRI,BRI,BRI,Herbrecs,3662,1652191928,"Dor, J.",4,12/11/93,NA,NA,NA,0
109,Chionachne,Chionachne cyathopoda,Australia,Western Australia,NA,"Ord River, Kimberley Research Station",-15.65472201,128.705,8/30/53,GBIF,PERTH,PERTH,PERTH,PERTH,3397,996396945,"Langfield, E.C.B.",335,8/30/53,B.K. Simon,NA,NA,0
110,Chionachne,Chionachne hubbardiana,Australia,Northern,NA,"roper river, elsey station.",-14.898575,133.434531,6/19/78,GBIF,DNA,DNA,DNA,DNA,3755,994254450,"Latz, P.",7826,6/19/78,NA,NA,NA,0
111,Chionachne,Chionachne hubbardiana,Australia,Western Australia,NA,"Spike Desserts Farm on Weaber Plains Road, Ord River Irrigation area, N of Kununurra",-15.64444401,128.767778,6/23/98,GBIF,PERTH,PERTH,PERTH,PERTH,3397,996677445,"Mitchell, A.A.",5484,6/23/98,pers comm. B.K. Simon,3/13/01,NA,0
112,Chionachne,Chionachne macrophylla,Papua New Guinea,NA,NA,"South side of Asaro river, SW of Goroka. Goroka subdistrict; E. Highlands.",-6.0833,145.3833,9/16/57,GBIF,CANB,CANB,CANB,CANB,3664,993409297,"Pullen, R.",614,9/16/57,"Lally, T.R.",3/10/03,NA,0
113,Chionachne,Chionachne cyathopoda,Australia,Queensland,NA,RD FROM CATHU FOREST STN TO MT MACARTNEY 7KM FROM,-20.79024163,148.5258215,4/12/78,GBIF,BRI,BRI,BRI,Herbrecs,3662,1652028605,"Simon, B.K.",3369,4/12/78,"Simon, B.K.",NA,NA,0
114,Chionachne,Chionachne cyathopoda,Australia,Queensland,NA,Proserpine.,-20.4,148.5667,4/14/36,GBIF,MEL,MEL,MEL,MEL,3283,994883641,"Worthington, W.",s.n.,4/14/36,"Simon, B.K.",1/1/85,NA,0
115,Chionachne,Chionachne cyathopoda,Australia,Northern,NA,Katherine Experimental Station.,-14.4833,132.3,NA,GBIF,CANB,CANB,CANB,CANB,3664,993148443,Wynn,71,NA,NA,NA,NA,0
116,Chionachne,Chionachne cyathopoda,Australia,Queensland,NA,"16 km NW of Charters Towers, on road to the Lynd.",-19.9333,145.2333,4/21/78,GBIF,CANB,CANB,CANB,CANB,3664,993497419,"Simon, B.K.",3446,4/21/78,"Simon, B.K.",NA,NA,0
117,Chionachne,Chionachne hubbardiana,Australia,Queensland,NA,"BLADENSBURG N.P. SITE B, C. 1.7KM SSE OF BLADENSBURG HOUSE ALONG TRACK TO SCRAMMY.",-22.52749201,143.049774,3/25/09,GBIF,BRI,BRI,BRI,Herbrecs,3662,1652295912,"Rich, M.",MR1177,3/25/09,NA,NA,NA,0
118,Chionachne,Chionachne cyathopoda,Australia,Queensland,NA,"Dalrymple National Park, about 40 km NW of Charters Towers.",-19.8167,146.0833,10/1/91,GBIF,CANB,CANB,CANB,CANB,3664,993453105,"Bean, A.R.",3728,10/1/91,NA,NA,NA,0
119,Chionachne,Chionachne hubbardiana,Australia,Western Australia,NA,"Helipad above campsite on Bachsten Creek (south arm) on Walcott Inlet Track, West Kimberley",-15.99061101,125.327861,3/30/10,GBIF,PERTH,PERTH,PERTH,PERTH,3397,1805869824,"Barrett, M.D.",2960,3/30/10,NA,NA,NA,0
120,Chionachne,Chionachne hubbardiana,Australia,Queensland,NA,'DABIN' NEBO SHIRE,-21.41524175,147.9174988,4/16/97,GBIF,BRI,BRI,BRI,Herbrecs,3662,1652123035,"Lambert, G.A.",NA,4/16/97,"Fensham, R.",4/1/97,NA,0
121,Chionachne,Chionachne cyathopoda,Australia,Queensland,NA,Robertson River.,-18.8,143.5667,NA,GBIF,MEL,MEL,MEL,MEL,3283,994883657,"Armit, W.E. de M.",986,NA,"Simon, B.K.",1/1/85,NA,0
122,Chionachne,Chionachne cyathopoda,Australia,Western Australia,NA,Ord River,-17.42833301,127.611389,6/2/44,GBIF,PERTH,PERTH,PERTH,PERTH,3397,996396488,"Gardner, C.A.",7298,6/2/44,B.K. Simon,NA,NA,0
123,Chionachne,Chionachne cyathopoda,Australia,Queensland,NA,Landsborough.,-26.8,152.9667,NA,GBIF,MEL,MEL,MEL,MEL,3283,994884205,"Bowman, E.M.",s.n.,NA,"Simon, B.K.",8/10/84,NA,0
124,Chionachne,Chionachne hubbardiana,Australia,Western Australia,NA,Kununurra,-15.76166701,128.735,NA,GBIF,PERTH,PERTH,PERTH,PERTH,3397,996402756,"Pearce, G.A.",s.n.,NA,B.K. Simon,NA,NA,0
125,Chionachne,Chionachne cyathopoda,Australia,Queensland,NA,Gracemere.,-23.4333,150.45,1876-02-10,GBIF,MEL,MEL,MEL,MEL,3283,994883627,"O'Shanesy, P.A.",1637,1876-02-10,"Simon, B.K.",8/13/84,NA,0
126,Chionachne,Chionachne cyathopoda,Australia,Western Australia,NA,"Argyle Station, Ord River",-16.28333301,128.8,NA,GBIF,PERTH,PERTH,PERTH,PERTH,3397,996396498,"Durack, M.P.",s.n.,NA,B.K. Simon,NA,NA,0
127,Chionachne,Chionachne cyathopoda,Australia,Queensland,NA,"8.7km W of Rokeby Rnager Station, Rokeby National Park.",-13.64862008,142.6008706,6/26/93,GBIF,CNS,CNS,CNS,MBA,3642,1061547388,"Neldner, V.J.",4081,6/26/93,Qld Herbarium (BRI replicate),NA,NA,0
128,Chionachne,Chionachne cyathopoda,Australia,Queensland,NA,Comet River [= Meteor Creek].,-24.5,148.4167,1847-03-01,GBIF,MEL,MEL,MEL,MEL,3283,994883440,"Leichhardt, F.W.L.",s.n.,1847-03-01,"Simon, B.K.",8/10/84,NA,0
129,Chionachne,Chionachne cyathopoda,Australia,Queensland,Moreton Bay,JUNCTION OF BREMER AND UNNAMED ROAD ON WEST BOUNDARY OF EBENIZER OPEN CUT COAL MINE AND D. ARMSTRONG'S 4KM SOUTH EAST OF ROSEWOOD,-27.65687413,152.6091322,2/22/00,GBIF,BRI,BRI,BRI,Herbrecs,3662,1652227649,"Armstrong, D.",NA,2/22/00,"Louden, M.A.",3/1/00,NA,0
130,Chionachne,Chionachne hubbardiana,Australia,Northern,NA,"Pigeon Hole Station, Dead Cat Paddock",-16.98030001,130.9913,5/3/03,GBIF,DNA,DNA,DNA,DNA,3755,994375690,"Risler, J.",2483,5/3/03,NA,NA,NA,0
131,Chionachne,Chionachne cyathopoda,Australia,Queensland,NA,Seven sister near Atherton.,-19.95,147.8833,2/21/62,GBIF,CANB,CANB,CANB,CANB,3664,993202145,"Webb, L.J.",5847,2/21/62,"Simon, B.K.",1/1/85,NA,0
132,Chionachne,Chionachne cyathopoda,Australia,Northern,NA,"Timber Creek, Victoria River.",-15.6333,130.4667,4/29/68,GBIF,CANB,CANB,CANB,CANB,3664,993191935,"Robinson, C.S.",CSR 51,4/29/68,"Simon, B.K.",1/1/85,NA,0
133,Chionachne,Chionachne cyathopoda,Australia,Western Australia,NA,"Near Innes house, adjacent to Ivanhoe Crossing Rd, 5.89 km from Kununurra Post Office on a bearing of 326 degr",-15.72810001,128.7108,2/25/02,GBIF,DNA,DNA,DNA,DNA,3755,994373814,"Mitchell, A.",7057,2/25/02,NA,NA,NA,0
134,Chionachne,Chionachne hubbardiana,Australia,Northern,NA,O.T. Station.,-16.6167,135.5,5/9/47,GBIF,MEL,MEL,MEL,MEL,3283,994884156,"Blake, S.T.",17692,5/9/47,NA,NA,NA,0
135,Chionachne,Chionachne hubbardiana,Australia,Northern,NA,keep river plains.,-15.68192701,129.03457,3/17/72,GBIF,DNA,DNA,DNA,DNA,3755,1257307291,"Aldrick, J.",NA,3/17/72,NA,NA,NA,0
136,Chionachne,Chionachne cyathopoda,Australia,Western Australia,NA,"Fitzroy River, Noonkanbah",-18.50000001,124.833056,5/9/44,GBIF,PERTH,PERTH,PERTH,PERTH,3397,996396444,"Gardner, C.A.",7099,5/9/44,B.K. Simon,NA,NA,0
137,Chionachne,Chionachne cyathopoda,Australia,Northern,NA,Daly River Mission Area.,-13.748598,130.751218,6/8/93,GBIF,DNA,DNA,DNA,DNA,3755,994353551,"Wightman, G.",6139,6/8/93,NA,NA,NA,0
138,Chionachne,Chionachne cyathopoda,Australia,Western Australia,NA,"Ivanhoe Station, IBRA Region: VB",-15.58153801,128.564942,5/21/99,GBIF,PERTH,PERTH,PERTH,PERTH,3397,996844564,"Handasyde, T.",TH 99 178,5/21/99,A.A. Mitchell,9/25/00,NA,0
139,Chionachne,Chionachne cyathopoda,Australia,Queensland,NA,Robertson River.,-18.8,143.5667,NA,GBIF,MEL,MEL,MEL,MEL,3283,994883673,"Armit, W.E. de M.",986,NA,"Simon, B.K.",8/13/84,NA,0
140,Chionachne,Chionachne cyathopoda,Australia,Queensland,Burke,ADELS GROVE CAMOOWEAL,-18.74861421,138.5842586,4/10/47,GBIF,BRI,BRI,BRI,Herbrecs,3662,1651995643,"de Lestang, A.",370,4/10/47,NA,NA,NA,0
141,Chionachne,Chionachne cyathopoda,Australia,Queensland,Burke,SETTLEMENT CK CAMPSITE 'WESTMORELANDS' APPROX 6KM E OF NT BORDER,-17.20695175,138.0259254,7/27/98,GBIF,BRI,BRI,BRI,Herbrecs,3662,1652224000,"Field, L.",LF33,7/27/98,NA,NA,NA,0
142,Chionachne,Chionachne hubbardiana,Australia,Northern,NA,Kidman Springs Research Station.,-16.05043201,130.904133,5/1/04,GBIF,DNA,DNA,DNA,DNA,3755,994417084,"Risler, J.",3347,5/1/04,NA,NA,NA,0
143,Chionachne,Chionachne cyathopoda,Australia,Queensland,NA,"Mt Stuart, Townsville.",-19.3417,146.7833,8/28/62,GBIF,JCT,JCT,JCT,JCT,3258,1257394128,"Hines, M.P.",31,8/28/62,(BRI),NA,NA,0
144,Chionachne,Chionachne hubbardiana,Australia,Queensland,NA,120km SE Cloncurry,-21.30280001,141.3664,1/27/01,GBIF,DNA,DNA,DNA,NT,3755,1257362713,"Brock, C.",123,1/27/01,NA,NA,NA,0
145,Chionachne,Chionachne cyathopoda,Australia,Western Australia,NA,Nookanbah Station,-18.51638901,124.833056,8/16/50,GBIF,PERTH,PERTH,PERTH,PERTH,3397,996396979,"Royce, R.D.",3241,8/16/50,B.K. Simon,NA,NA,0
146,Chionachne,Chionachne cyathopoda,Australia,Queensland,NA,"Eungella National Park, state forest near National Park office.",-21.1667,148.4833,4/5/78,GBIF,CANB,CANB,CANB,CANB,3664,993300661,"Simon, B.K.",3261,4/5/78,"Simon, B.K.",NA,NA,0
147,Chionachne,Chionachne cyathopoda,Australia,Western Australia,NA,Margin of the bed of the Ord River ca 1 km NE of Frank Wise Research Station,-15.64861101,128.713333,7/29/94,GBIF,PERTH,PERTH,PERTH,PERTH,3397,996648594,"Mitchell, A.A.",3733,7/29/94,NA,NA,NA,0
148,Chionachne,Chionachne cyathopoda,Australia,Northern,NA,"Near SW side of Arafura Swamp, Central Arnhem Land",-12.65435,134.89223,6/10/00,GBIF,DNA,DNA,DNA,DNA,3755,994361965,"Cowie, I.",8909,6/10/00,NA,NA,NA,0
149,Chionachne,Chionachne cyathopoda,Australia,Queensland,NA,HAYMAN IS ABOVE BEACH IN HILLS ABOVE BLUE PEARL BAY,-20.05690911,148.8924811,4/14/96,GBIF,BRI,BRI,BRI,Herbrecs,3662,1652123184,"Snow, N.",7391,4/14/96,NA,NA,NA,0
150,Chionachne,Chionachne hubbardiana,Australia,Queensland,NA,WROTHAM PARK C 50M NW OF MUNGANA,-16.58193717,143.9175299,4/5/38,GBIF,BRI,BRI,BRI,Herbrecs,3662,1651995663,"Blake, S.T.",13655,4/5/38,NA,NA,NA,0
151,Chionachne,Chionachne hubbardiana,Australia,Northern,NA,victoria river downs station.,-17.09859301,130.601236,6/15/74,GBIF,DNA,DNA,DNA,DNA,3755,994257834,"Latz, P.",5354,6/15/74,NA,NA,NA,0
152,Chionachne,Chionachne cyathopoda,Australia,Western Australia,NA,50m from Ivanhoe Crossing on south side,-15.66194401,128.679722,3/5/92,GBIF,PERTH,PERTH,PERTH,PERTH,3397,996459689,"Mitchell, A.A.",2192,3/5/92,M.Lazarides,NA,NA,0
153,Chionachne,Chionachne cyathopoda,Australia,Queensland,NA,"Bank of Flinders River, Richmond.",-20.72,143.12,6/18/34,GBIF,NSW,NSW,NSW,NSW,3466,995665873,"Blake, S. T.",6311,6/18/34,"Jannink, T. A.",6/1/98,NA,0
154,Chionachne,Chionachne hubbardiana,Australia,Queensland,NA,WINDERMERE 6-8M W OF WINTON,-22.41525935,142.9175633,2/16/63,GBIF,BRI,BRI,BRI,Herbrecs,3662,1651995678,"Mitchell, J.",NA,2/16/63,NA,NA,NA,0
155,Chionachne,Chionachne hubbardiana,Australia,Queensland,NA,"Kooroora, Mckinlay, NW Qld.",-21.35,141.4667,4/22/67,GBIF,CANB,CANB,CANB,CANB,3664,993341914,"Waterhouse, J.T.",20347,4/22/67,"Lazarides, M.",9/1/88,NA,0
156,Chionachne,Chionachne cyathopoda,Australia,Northern,NA,"Katherine, near C.S.I.R.O. St[atio]n",-14.46537755,132.2676824,6/8/67,GBIF,AD,AD,AD,AD,3390,992453852,"Symon, D.E.",5105,6/8/67,"Symon, D.E.",NA,NA,0
157,Chionachne,Chionachne cyathopoda,Australia,Queensland,NA,"Douglas Campus, James Cook University, Townsville. Creek bed",-19.3269,146.7586,4/1/75,GBIF,JCT,JCT,JCT,JCT,3258,1805841347,"Birch, W.R.",75/3,4/1/75,(BRI),NA,NA,0
158,Chionachne,Chionachne cyathopoda,Australia,Queensland,NA,Neercool [=Neerkol] Creek.,-23.45,150.3667,NA,GBIF,MEL,MEL,MEL,MEL,3283,994884219,"Bowman, E.M.",s.n.,NA,NA,NA,NA,0
159,Chionachne,Chionachne cyathopoda,Australia,Northern,NA,tanumbarini station.,-16.36523601,134.934519,6/3/71,GBIF,DNA,DNA,DNA,DNA,3755,994235520,"Latz, P.",1388,6/3/71,NA,NA,NA,0
160,Chionachne,Chionachne hubbardiana,Australia,Queensland,NA,4 miles [6.4 km] NW of McKinlay Township.,-21.2333,141.2667,3/20/54,GBIF,CANB,CANB,CANB,CANB,3664,993118709,"Lazarides, M.",4454,3/20/54,"Lazarides, M.",NA,NA,0
161,Chionachne,Chionachne cyathopoda,Australia,Queensland,NA,"Douglas Campus, James Cook University, Townsville, Qld Banks of creek",-19.3167,146.75,6/1/09,GBIF,JCT,JCT,JCT,JCT,3258,1257397070,"Hooker, N.B.",s.n.,6/1/09,NA,NA,NA,0
162,Chionachne,Chionachne cyathopoda,Australia,Queensland,NA,BINGERA WEIR NR BUNDABERG,-24.91521511,152.2507893,12/30/37,GBIF,BRI,BRI,BRI,Herbrecs,3662,1651995630,"Smith, L.S.",418,12/30/37,NA,NA,NA,0
163,Chionachne,Chionachne cyathopoda,Australia,Queensland,NA,"Lakefield NP, 3.8k along 12 Mile Waterhole Road.",-15.1828,144.384,7/26/10,GBIF,NSW,NSW,NSW,NSW,3466,1499286233,"McDonald, K.R.",KRM9699,7/26/10,"Thompson, E.J.",10/1/10,NA,0
164,Chionachne,Chionachne cyathopoda,Australia,Queensland,NA,800M S OF MELSONBY HOMESTEAD,-15.244667,144.807389,4/26/12,GBIF,BRI,BRI,BRI,Herbrecs,3662,1652387982,"Thompson, S.",ST12332,4/26/12,"Thompson, E.J.",8/1/12,NA,0
165,Chionachne,Chionachne cyathopoda,Australia,Northern,NA,Victoria River Crossing,-15.59871287,131.1176926,6/18/67,GBIF,AD,AD,AD,AD,3390,992453848,"Symon, D.E.",5215,6/18/67,"Symon, D.E.",NA,NA,0
166,Chionachne,Chionachne cyathopoda,Australia,Queensland,NA,"RINYIRRU N.P., WELCOME WATERHOLE ON NORMANBY RIVER.",-15.255278,144.593056,6/17/12,GBIF,BRI,BRI,BRI,Herbrecs,3662,1652395588,"McDonald, K.R.",KRM13282,6/17/12,"Thompson, E.J.",7/1/12,NA,0
167,Chionachne,Chionachne cyathopoda,Australia,Northern,NA,Daly River,-13.766667,130.7,7/17/46,GBIF,PERTH,PERTH,PERTH,PERTH,3397,996396951,"Blake, S.T.",16495,7/17/46,S.T. Blake,NA,NA,0
168,Chionachne,Chionachne gigantea,Australia,Queensland,NA,FITZROY VALE,-23.41522586,150.5841384,5/13/56,GBIF,BRI,BRI,BRI,Herbrecs,3662,1651995666,"Blake, S.T.",19954,5/13/56,"Jannink, T.A.",6/1/98,NA,0
169,Chionachne,Chionachne cyathopoda,Australia,Queensland,NA,LIZARD IS MERMAID CAVE,-14.6736096,145.4758407,7/21/90,GBIF,BRI,BRI,BRI,Herbrecs,3662,1652095053,"Batianoff, G.N.",12023,7/21/90,"Batianoff, G.N.",NA,NA,0
170,Chionachne,Chionachne hubbardiana,Australia,Western Australia,NA,rosewood station.,-16.68193001,128.934577,6/18/74,GBIF,DNA,DNA,DNA,DNA,3755,994258373,"Latz, P.",5427,6/18/74,NA,NA,NA,0
171,Chionachne,Chionachne cyathopoda,Australia,Queensland,NA,"DAWSON RIVER BELOW GLEBE WEIR, 'BALCLARRIS', TAROOM DISTRICT.",-25.45864002,150.047578,6/20/11,GBIF,BRI,BRI,BRI,Herbrecs,3662,1652344071,"Pennay, C.",192,6/20/11,"Thompson, E.J.",8/1/11,NA,0
172,Chionachne,Chionachne macrophylla,Papua New Guinea,NA,NA,"South of Jaure Village (off Wewak - Maprik Road), Wewak - Angoram area, East Sepik District.",-3.5833,143.5,8/18/59,GBIF,CANB,CANB,CANB,CANB,3664,993631843,"Robbins, R.G.",2192,8/18/59,"Jannink, T.A.",6/1/98,NA,0
173,Chionachne,Chionachne cyathopoda,Australia,Queensland,NA,STUART CK S OF TOWNSVILLE,-19.41525178,146.9175036,8/23/42,GBIF,BRI,BRI,BRI,Herbrecs,3662,1651995633,"Smith, L.S.",T90,8/23/42,NA,NA,NA,0
174,Chionachne,Chionachne cyathopoda,Australia,Queensland,NA,EMERALD NOGOA RIVER,-23.58190088,148.2508373,11/26/35,GBIF,BRI,BRI,BRI,Herbrecs,3662,1651995654,"Blake, S.T.",10219,11/26/35,NA,NA,NA,0
175,Chionachne,Chionachne cyathopoda,Australia,Queensland,NA,1KM W OF GLEN GEDDES RAILSIDING,-23.02835864,150.2394851,3/18/05,GBIF,BRI,BRI,BRI,Herbrecs,3662,1652179464,"Forster, P.I.",PIF30608,3/18/05,"Thompson, E.J.",10/1/05,NA,0
176,Chionachne,Chionachne macrophylla,Papua New Guinea,NA,NA,"Galilo village, near Cape Hoskins, West Nakanai, New Britain.",-5.5167,150.5667,7/28/54,GBIF,CANB,CANB,CANB,CANB,3664,993115886,"Floyd, A.",3483,7/28/54,"Lally, T.R.",3/10/03,NA,0
177,Chionachne,Chionachne hubbardiana,Australia,Queensland,NA,6KM NW OF ARRARA HS,-21.05692236,144.2258751,6/2/77,GBIF,BRI,BRI,BRI,Herbrecs,3662,1652021353,"McDonald, W.J.",2508,6/2/77,NA,NA,NA,0
178,Chionachne,Chionachne cyathopoda,Australia,Queensland,NA,"North of Charters Towers, Lolworth Creek, Fletcherview Station.",-19.8817,146.2075,5/6/04,GBIF,CNS,CNS,CNS,CNS,3642,994050666,"Dowe, J.L.",s.n.,5/6/04,"Kerrigan, R.A.",3/28/17,NA,0
179,Chionachne,Chionachne cyathopoda,Australia,Northern,NA,Victoria River on Katherine - Wyndham road.,-15.6,131.1,7/26/66,GBIF,NSW,NSW,NSW,NSW,3466,995590846,"Beauglehole, A. C.",s.n.,7/26/66,"Jannink, T. A.",6/1/98,NA,0
180,Chionachne,Chionachne cyathopoda,Australia,Queensland,NA,"Hammond Island, Torres Strait  - west of community near mangrove-lined embankment.",-10.5523,142.2091,2/8/00,GBIF,DNA,DNA,DNA,DNA,3755,1257336278,"Waterhouse, B.",5607,2/8/00,NA,NA,NA,0
181,Chionachne,Chionachne macrophylla,Papua New Guinea,NA,NA,"South side of Asaro river, SW of Goroka. Goroka subdistrict; E. Highlands.",-6.0833,145.3833,9/16/57,GBIF,CANB,CANB,CANB,CANB,3664,993409494,"Pullen, R.",614,9/16/57,"Lally, T.R.",3/10/03,NA,0
182,Chionachne,Chionachne macrophylla,Papua New Guinea,NA,NA,"Sthn slopes of Hydrographers Range near Numba village, Managalase area, Northern District.",-9.0333,148.35,8/7/64,GBIF,CANB,CANB,CANB,CANB,3664,993146855,"Pullen, R.",5615,8/7/64,"Jannink, T.A.",6/1/98,NA,0
183,Chionachne,Chionachne macrophylla,Papua New Guinea,NA,NA,"Bewani to Vanimo Road, Sandaun Province.",-3.12309449,142.3097716,9/28/04,GBIF,CNS,CNS,CNS,MBA,3642,1061548033,"Waterhouse, B.M.",7147,9/28/04,"Simon, B.K. (BRI replicate)",NA,NA,0
184,Chionachne,Chionachne cyathopoda,Australia,Northern,NA,Tanumbirini Station.,-16.37,134.93,6/3/71,GBIF,NSW,NSW,NSW,NSW,3466,995808959,"Latz, P. K.",1388,6/3/71,"Simon, B. K.",1/1/85,NA,0
185,Chionachne,Chionachne cyathopoda,Australia,Western Australia,NA,"Kununurra, Western Australia.",-15.77640701,128.686697,5/1/99,GBIF,DNA,DNA,DNA,DNA,3755,1257340419,"Mitchell, A.",5778,5/1/99,NA,NA,NA,0
186,Chionachne,Chionachne cyathopoda,Australia,Queensland,NA,"Mer (Murray) Island, Torres Strait. Along rear boundary of State School.",-9.9156,144.0403,9/8/00,GBIF,CANB,CANB,CANB,CANB,3664,993493926,"Waterhouse, B.M.",6028,9/8/00,"Waterhouse, B.M.",NA,NA,0
187,Chionachne,Chionachne cyathopoda,Australia,Queensland,NA,MT STUART C 6M S OF TOWNSVILLE,-19.4152523,146.7508387,8/3/42,GBIF,BRI,BRI,BRI,Herbrecs,3662,1651995615,"Smith, L.S.",T54,8/3/42,NA,NA,NA,0
188,Chionachne,Chionachne macrophylla,Papua New Guinea,NA,NA,Ca 1 mile N Abuaro. Baniaro Subdistrict. Cape Vogel. Eastern District.,-9.7333,149.8667,8/31/54,GBIF,CANB,CANB,CANB,CANB,3664,993115862,"Saunders, J.C.",69,8/31/54,"Lally, T.R.",3/10/03,NA,0
189,Chionachne,Chionachne cyathopoda,Australia,Queensland,NA,"ORCHID CREEK STATION, SOUTHEAST HEADWATERS OF BAIRDSVILLE CREEK; SW OF LOCKHART RIVER, CAPE YORK PENINSULA.",-13.183694,142.996525,4/29/14,GBIF,BRI,BRI,BRI,Herbrecs,3662,1652355981,"Forster, P.I.",PIF40978,4/29/14,"Thompson, E.J.",6/1/14,NA,0
190,Chionachne,Chionachne cyathopoda,Australia,Queensland,NA,"Cabbage Tree Creek, 19 km E of Old Laura on the road to Cooktown",-15.29860822,144.600852,5/13/87,GBIF,CNS,CNS,CNS,QRS,3642,994196704,"Clarkson, J.R.",7209,5/13/87,NA,NA,NA,0
191,Chionachne,Chionachne cyathopoda,Australia,Queensland,NA,SEVEN SISTERS NR ATHERTON,-17.24859712,145.5841787,2/21/62,GBIF,BRI,BRI,BRI,Herbrecs,3662,1651995679,"Webb, L.J.",5847,2/21/62,"Blake, S.T.",NA,NA,0
192,Chionachne,Chionachne cyathopoda,Australia,Northern,NA,Daly River Mission.,-15.74859401,130.667895,9/1/92,GBIF,DNA,DNA,DNA,DNA,3755,994352005,"Wightman, G.",5947,9/1/92,NA,NA,NA,0
193,Chionachne,Chionachne macrophylla,Papua New Guinea,NA,NA,4km East of Nuku;  Sepik District.,-4.1,143.2833,8/22/66,GBIF,CANB,CANB,CANB,CANB,3664,993160404,"Heyligers, P.C.",1581,8/22/66,"Jannink, T.A.",6/1/98,NA,0
194,Chionachne,Chionachne hubbardiana,Australia,Queensland,NA,40KM IN A DIRECT LINE N OF MORANBAH.,-21.64151901,148.017458,2/18/15,GBIF,BRI,BRI,BRI,Herbrecs,3662,1835227726,"Williams, P.R.",2055,2/18/15,NA,NA,NA,0
195,Chionachne,Chionachne hubbardiana,Australia,Northern,NA,Near Lagoon Creek.,-16.1333,134.7,5/3/47,GBIF,CANB,CANB,CANB,CANB,3664,993158265,"Blake, S.T.",17617A,5/3/47,NA,NA,NA,0
196,Chionachne,Chionachne cyathopoda,Australia,Queensland,NA,"MILLSTREAM NATIONAL PARK, W OF RAVENSHOE",-17.643056,145.458611,5/5/09,GBIF,BRI,BRI,BRI,Herbrecs,3662,1652376009,"McDonald, K.R.",KRM8497,5/5/09,"Thompson, E.J.",7/1/09,NA,0
197,Chionachne,Chionachne cyathopoda,Australia,Western Australia,NA,Fitzroy Crossing,-18.18166701,125.588333,5/9/62,GBIF,PERTH,PERTH,PERTH,PERTH,3397,996396420,"Royce, R.D.",6950,5/9/62,B.K. Simon,NA,NA,0
198,Chionachne,Chionachne cyathopoda,Australia,Northern,NA,Victoria ri.Xing.,-16.33191901,131.117894,5/9/68,GBIF,DNA,DNA,DNA,DNA,3755,994294289,"Byrnes, N.",732,5/9/68,NA,NA,NA,0
199,Chionachne,Chionachne cyathopoda,Australia,Queensland,NA,SPRING CK 11KM S OF WOODSTOCK,-19.69025098,146.8591713,11/3/91,GBIF,BRI,BRI,BRI,Herbrecs,3662,1652115955,"Bean, A.R.",3744,11/3/91,NA,NA,NA,0
200,Chionachne,Chionachne hubbardiana,Australia,Western Australia,NA,Cotton fields Kununurra,-15.76166701,128.735,5/16/67,GBIF,PERTH,PERTH,PERTH,PERTH,3397,996402714,"Scrymgeour, E.M.",1686,5/16/67,B.K. Simon,NA,NA,0
201,Chionachne,Chionachne macrophylla,Papua New Guinea,NA,NA,End of airstrip at Aiome. Lower Ramu-Atitau area. Madang District.,-5.1333,144.7333,8/2/58,GBIF,CANB,CANB,CANB,CANB,3664,993484540,"Robbins, R.G.",1304,8/2/58,"Jannink, T.A.",6/1/98,NA,0
202,Chionachne,Chionachne cyathopoda,Australia,Northern,NA,At Katherine near CSIRO Research Station.,-14.4833,132.3,6/8/67,GBIF,CANB,CANB,CANB,CANB,3664,993167657,"Symon, D.E.",5105,6/8/67,"Simon, B.K.",1/1/85,NA,0
203,Chionachne,Chionachne cyathopoda,Australia,Northern,NA,"victoria river, gregory national park",-15.64859201,131.101225,3/1/86,GBIF,DNA,DNA,DNA,DNA,3755,994317215,"Wightman, G.",2834,3/1/86,NA,NA,NA,0
204,Chionachne,Chionachne cyathopoda,Australia,Queensland,NA,WESTERN SIDE OF CURTIS ISLAND.,-23.775,151.219167,12/15/10,GBIF,BRI,BRI,BRI,Herbrecs,3662,1652348143,"Mitchell, A.",146,12/15/10,NA,NA,NA,0
205,Chionachne,Chionachne cyathopoda,Australia,Western Australia,NA,"East Gardner District. Ivanhoe Crossing, Kununurra. Ord River Irrigation Area.",-15.68860001,128.6892,7/21/11,GBIF,CANB,CANB,CANB,CANB,3664,993646026,"Waterhouse, B.M.",7937,7/21/11,"Waterhouse, B.M.",NA,NA,0
206,Chionachne,Chionachne cyathopoda,Australia,Queensland,NA,"Blowhard Creek, 64 km N of Belyando Crossing on Charters Towers road",-21.15,146.45,6/27/94,GBIF,NSW,NSW,NSW,NSW,3466,995867944,"Wilson, K. L.",8715a,6/27/94,"Jacobs, S. W. L.",1/1/00,NA,0
207,Chionachne,Chionachne cyathopoda,Australia,Queensland,NA,BOOYAL VIA CHILDERS,-25.248548,152.0841263,4/1/31,GBIF,BRI,BRI,BRI,Herbrecs,3662,1651995631,"Coleman, H.",7,4/1/31,NA,NA,NA,0
208,Chionachne,Chionachne cyathopoda,Australia,Northern,NA,Daly River banks at the Daly River crossing about 200 km SW of Darwin.,-13.7669,130.7075,6/2/04,GBIF,CANB,CANB,CANB,CANB,3664,993622332,"Mitchell, A.A.",7767,6/2/04,NA,NA,NA,0
209,Chionachne,Chionachne hubbardiana,Australia,Queensland,NA,Walshs Pyramid,-17.13192705,145.8008428,8/7/38,GBIF,HO,HO,HO,HO,3572,994530816,"Flecker, H.",5061,8/7/38,NA,NA,NA,0
210,Chionachne,Chionachne hubbardiana,Australia,Queensland,NA,4 miles [6.4 km] NW of McKinlay Township.,-21.2333,141.2667,3/20/54,GBIF,CANB,CANB,CANB,CANB,3664,993430516,"Lazarides, M.",4454,3/20/54,"Lazarides, M.",NA,NA,0
211,Chionachne,Chionachne massiei,Thailand,NA,NA,"Chiang Mai: Along road to Doi Inthanon, near Visitors Center 1-2 km inside park",18.5,98.67,10/15/01,GBIF,K,K,K,Herbarium,3716,912513837,"Norsangsri, M.; Laegaard, S.",21717,10/15/01,"Teerawatananon, A.",1/21/08,NA,0
212,Chionachne,Chionachne cyathopoda,Australia,Queensland,NA,Burketown.,-17.7333,139.5333,6/1/65,GBIF,CANB,CANB,CANB,CANB,3664,993210922,"Blake, S.T.",9217,6/1/65,NA,NA,NA,0
213,Chionachne,Chionachne cyathopoda,Australia,Queensland,NA,LIZARD IS,-14.67360963,145.4591739,5/9/75,GBIF,BRI,BRI,BRI,Herbrecs,3662,1651995620,"Byrnes, N.",3251,5/9/75,NA,NA,NA,0
214,Chionachne,Chionachne cyathopoda,Australia,Queensland,NA,"10KM SE OF CHINCHILLA, CONDAMINE RIVER FLOODPLAIN",-26.79021836,150.7091543,12/1/05,GBIF,BRI,BRI,BRI,Herbrecs,3662,1652276451,"Benwell, A.",AB0018,12/1/05,NA,NA,NA,0
215,Chionachne,Chionachne macrophylla,Papua New Guinea,NA,NA,"Yangoru - Maprik Road,Wewak - Angoram area. East Sepik District",-3.5833,143.3333,8/31/59,GBIF,CANB,CANB,CANB,CANB,3664,993634938,"Robbins, R.G.",2306,8/31/59,"Jannink, T.A.",6/1/98,NA,0
216,Chionachne,Chionachne macrophylla,Papua New Guinea,Bougainville,NA,"Bougainville: Near Aku village, c 10 miles west of Buin.",-6.75,155.55,9/22/64,GBIF,CANB,CANB,CANB,CANB,3664,993144685,"Craven, L.",528,9/22/64,"Lally, T.R.",3/10/03,NA,0
217,Chionachne,Chionachne cyathopoda,Australia,Queensland,NA,"Emerald, on bank of Nogoa River.",-23.52,148.17,11/26/35,GBIF,NSW,NSW,NSW,NSW,3466,995808947,"Blake, S. T.",10219,11/26/35,"Jannink, T. A.",6/1/98,NA,0
218,Chionachne,Chionachne cyathopoda,Australia,Northern,NA,"Ngukkur region, on banks of the Roper River",-14.6974,134.41969,8/15/01,GBIF,DNA,DNA,DNA,DNA,3755,994365170,"Brennan, K.",4738,8/15/01,NA,NA,NA,0
219,Chionachne,Chionachne cyathopoda,Australia,Northern,NA,Okey Creek.,-16.1667,136.2,2/16/12,GBIF,MEL,MEL,MEL,MEL,3283,995215950,"Hill, G.F.",782,2/16/12,NA,NA,NA,0
220,Chionachne,Chionachne hubbardiana,Australia,Northern,NA,anthony lagoon,-17.98189101,135.534525,4/14/73,GBIF,DNA,DNA,DNA,DNA,3755,994240763,"Hyde, K.",16,4/14/73,NA,NA,NA,0
221,Chionachne,Chionachne cyathopoda,Australia,Queensland,NA,"RINYIRRU N.P., CABBAGE TREE CREEK AREA.",-15.304722,144.620556,6/17/12,GBIF,BRI,BRI,BRI,Herbrecs,3662,1652395593,"McDonald, K.R.",KRM13295,6/17/12,"Thompson, E.J.",7/1/12,NA,0
222,Chionachne,Chionachne gigantea,India,Madhya Pradesh,NA,"Supkhar Jonkpani,  Kanha NP",22.173137,80.333863,12/1/86,GBIF,WII,WII,WII,PlantsofWII,3551,685751491,G.S. Rawat,NA,12/1/86,G.S. Rawat,12/1/86,NA,0
223,Chionachne,Chionachne cyathopoda,Australia,Queensland,NA,MURRAY IS ALONG BRUCE'S CK FROM WINDMILL CROSSING DOWNSTREAM,-9.916667001,144.051389,7/26/74,GBIF,BRI,BRI,BRI,Herbrecs,3662,1652027794,"Heatwole, H.",716,7/26/74,NA,NA,NA,0
224,Chionachne,Chionachne cyathopoda,Australia,Queensland,NA,Nankin.,-23.4167,150.6833,3/1/41,GBIF,CANB,CANB,CANB,CANB,3664,993748663,"Bailey, E.",26,3/1/41,"Hartley, W.",1/17/44,NA,0
225,Chionachne,Chionachne cyathopoda,Australia,Queensland,NA,"Burdekin River catchment, Defence Dept's Townsville Field Training Area, Little Star River, Ponto Hut Waterhole.",-19.2606,146.2789,6/13/06,GBIF,CNS,CNS,CNS,CNS,3642,994051691,"Dowe, J.L.",s.n.,6/13/06,"Kerrigan, R.A.",3/28/17,NA,0
226,Chionachne,Chionachne macrophylla,Papua New Guinea,Central,NA,Boridi.,-9.0667,147.6333,10/21/35,GBIF,CANB,CANB,CANB,CANB,3664,993561481,"Carr, C.E.",14646,10/21/35,"Lally, T.R.",3/10/03,NA,0
227,Chionachne,Chionachne cyathopoda,Australia,Queensland,NA,"0.8KM W OF NORMANBY RIVER, LAKEFIELD NATIONAL PARK, NEXT TO TRACK LEADING TO 12 MILE WATERHOLE.",-15.19127614,144.409493,5/15/07,GBIF,BRI,BRI,BRI,Herbrecs,3662,1652270028,"Freeman, A.",Crimson Finch 1,5/15/07,NA,NA,NA,0
228,Chionachne,Chionachne cyathopoda,Australia,Northern,NA,victoria river on katherine-wyndham road.,-16.33191901,131.117894,7/26/65,GBIF,DNA,DNA,DNA,DNA,3755,994227215,"Beauglehole, A.",11055,7/26/65,NA,NA,NA,0
229,Chionachne,Chionachne cyathopoda,Australia,Queensland,NA,"Woodbine Creek, 47 miles (76 km) W of Emerald on road to Willows gemfield.",-23.68,147.53,5/8/72,GBIF,NSW,NSW,NSW,NSW,3466,995808940,"Jacobs, S. W. L.",359,5/8/72,"Jannink, T. A.",6/1/98,NA,0
230,Chionachne,Chionachne cyathopoda,Australia,Northern,NA,Keep River NP Gorge,-15.83578001,129.11226,5/16/11,GBIF,DNA,DNA,DNA,DNA,3755,994408551,"Lewis, D.",1781,5/16/11,NA,NA,NA,0
231,Chionachne,Chionachne cyathopoda,Australia,Queensland,NA,"ISAAC RIVER, MAY DOWNS RD, W OF MARLBOROUGH",-22.71725264,149.1894966,2/1/06,GBIF,BRI,BRI,BRI,Herbrecs,3662,1652188006,"Bean, A.R.",24630,2/1/06,NA,NA,NA,0
232,Chionachne,Chionachne cyathopoda,Australia,Queensland,NA,LONG SCRUB C 7M NE OF BAMAGA OFF JACKY JACKY RD,-10.82363576,142.4425354,5/12/62,GBIF,BRI,BRI,BRI,Herbrecs,3662,1651995593,"Webb, L.J.",6260,5/12/62,"Blake, S.T.",NA,NA,0
233,Chionachne,Chionachne macrophylla,Papua New Guinea,Bougainville,NA,"Bougainville: Near Aku village, c 10 miles west of Buin.",-6.75,155.55,9/22/64,GBIF,CANB,CANB,CANB,CANB,3664,993144683,"Craven, L.",528,9/22/64,"Lally, T.R.",3/10/03,NA,0
234,Chionachne,Chionachne hubbardiana,Australia,Northern,NA,Auvergne station. Plot 930,-16.11176001,129.73533,3/12/98,GBIF,DNA,DNA,DNA,DNA,3755,1257325705,"Harwood, R.",440,3/12/98,NA,NA,NA,0
235,Chionachne,Chionachne cyathopoda,Australia,Queensland,NA,BUNDABERG,-24.91521442,152.4174539,NA,GBIF,BRI,BRI,BRI,Herbrecs,3662,1651995623,"Shirley, J.",NA,NA,NA,NA,NA,0
236,Chionachne,Chionachne cyathopoda,Australia,Northern,NA,Mataranka Reserve.,-14.9333,133.1167,5/4/77,GBIF,CANB,CANB,CANB,CANB,3664,993235494,"Parker, M.O.",806,5/4/77,"Simon, B.K.",1/1/85,NA,0
237,Chionachne,Chionachne cyathopoda,Australia,Queensland,Maranoa,"BINGI CROSSING, BALONNE RIVER, NE OF SURAT",-27.01966857,149.3766742,4/28/01,GBIF,BRI,BRI,BRI,Herbrecs,3662,1652108740,"Bean, A.R.",17659,4/28/01,NA,NA,NA,0
238,Chionachne,Chionachne cyathopoda,Australia,Queensland,NA,MT LARCOM,-23.74855595,151.084133,10/29/37,GBIF,BRI,BRI,BRI,Herbrecs,3662,1651995608,Anonymous,NA,10/29/37,NA,NA,NA,0
239,Chionachne,Chionachne cyathopoda,Australia,Queensland,NA,Road from Cathu Forest Station to Mount MaCartney 7 km from station.,-20.7833,148.5167,4/12/78,GBIF,CANB,CANB,CANB,CANB,3664,993261122,"Simon, B.K.",3369,4/12/78,"Simon, B.K.",NA,NA,0
240,Chionachne,Chionachne cyathopoda,Australia,Queensland,NA,DUNBAR CROSSING MITCHELL RIVER,-15.97500001,142.408333,6/1/43,GBIF,BRI,BRI,BRI,Herbrecs,3662,1651995619,"Whitehouse, F.W.",NA,6/1/43,NA,NA,NA,0
241,Chionachne,Chionachne cyathopoda,Australia,Northern,NA,carrara creek,-18.83187101,137.90118,7/26/71,GBIF,DNA,DNA,DNA,DNA,3755,994235899,"Latz, P.",1666,7/26/71,NA,NA,NA,0
242,Chionachne,Chionachne cyathopoda,Australia,Queensland,Burke,C 53KM NE OF LAWN HILL ON RD TO DOOMADGEE,-18.24861502,138.5842567,7/11/74,GBIF,BRI,BRI,BRI,Herbrecs,3662,1651995582,"Kratzing, D.",58337,7/11/74,"Verdon, D.",NA,NA,0
243,Chionachne,Chionachne javanica,Indonesia,NA,NA,"East, Pasuruan, G.Watangan; Resid. Besoeki, Southeast near Poeger base of the Joenoeng Watangan",-7.63,112.9,4/1/29,GBIF,K,K,K,Herbarium,3716,912255390,"Backer, C.A.",36799,4/1/29,NA,NA,NA,0
244,Chionachne,Chionachne cyathopoda,Australia,Northern,NA,"Victoria River, 44 miles [70.5 km] SW of Willeroo Station.",-15.7667,131.0833,6/3/52,GBIF,CANB,CANB,CANB,CANB,3664,993118713,"Lazarides, M.",2860,6/3/52,"Simon, B.K.",1/1/85,NA,0
245,Chionachne,Chionachne hubbardiana,Australia,Northern,NA,kidman springs station,-16.09858901,130.951228,6/13/74,GBIF,DNA,DNA,DNA,DNA,3755,994257875,"Latz, P.",5273,6/13/74,NA,NA,NA,0
246,Chionachne,Chionachne cyathopoda,Australia,Queensland,NA,"Canobie Homestead, about 160 km NNE of Cloncurry. Cloncurry River",-19.33201293,140.8342949,4/15/54,GBIF,AD,AD,AD,AD,3390,992513626,"Everist, S.L.",5295,4/15/54,unknown,NA,NA,0
247,Chionachne,Chionachne hubbardiana,Australia,Western Australia,NA,"Kimberley Research Station, Block 9, Kenaf plots, Kununurra,",-15.65000001,128.7,3/9/78,GBIF,PERTH,PERTH,PERTH,PERTH,3397,996707747,"Aplin, T.E.H.",6266,3/9/78,G. Perry,11/14/78,NA,0
248,Chionachne,Chionachne cyathopoda,Australia,Northern,NA,Victoria River Crossing.,-15.58137301,131.10261,7/22/95,GBIF,DNA,DNA,DNA,DNA,3755,1257318756,"Booth, R.",1124,7/22/95,NA,NA,NA,0
249,Chionachne,Chionachne cyathopoda,Australia,Western Australia,NA,"Kachana Station, E Kimberley",-16.44716701,127.775722,10/26/93,GBIF,PERTH,PERTH,PERTH,PERTH,3397,996514028,"Handasyde, T.",0,10/26/93,R.J. Cranfield,7/13/94,NA,0
250,Chionachne,Chionachne cyathopoda,Australia,NA,NA,"AUSTRALIA: Queensland, Cape York Peninsula, 3 km E urbe Bamaga. 10°51'15'' S, 142°24'09'' E. Alt. c. 50 m.",-10.854167,142.4025,3/7/00,GBIF,SNSB-M,SNSB-M,SNSB-M,BSMfungicoll,1972,1098970887,"Vánky, C.",NA,3/7/00,NA,NA,NA,0
251,Chionachne,Chionachne cyathopoda,Australia,Queensland,North Burnett,NANANGO,-26.74854498,152.0841345,2/1/17,GBIF,BRI,BRI,BRI,Herbrecs,3662,1651995609,"Grove, C.H.",NA,2/1/17,NA,NA,NA,0
252,Chionachne,Chionachne macrophylla,Papua New Guinea,NA,NA,"Sthn slopes of Hydrographers Range near Numba village, Managalase area, Northern District.",-9.0333,148.35,8/7/64,GBIF,CANB,CANB,CANB,CANB,3664,993146980,"Pullen, R.",5615,8/7/64,"Jannink, T.A.",6/1/98,NA,0
253,Chionachne,Chionachne hubbardiana,Australia,Western Australia,NA,"Kimberley Research Station, Kununurra.",-15.65,128.7167,6/26/64,GBIF,CANB,CANB,CANB,CANB,3664,993135843,Van Rijn; P.J.,1,6/26/64,"Simon, B.K.",1/1/85,NA,0
254,Chionachne,Chionachne macrophylla,Papua New Guinea,NA,NA,"Near Tonembi Village, Wewak-Maprik Rd. near Yangoru Wewak - Angoram area, (East Sepik Dist).",-3.75,143.5,8/21/59,GBIF,CANB,CANB,CANB,CANB,3664,993632569,"Robbins, R.G.",2212,8/21/59,"Jannink, T.A.",6/1/98,NA,0
255,Chionachne,Chionachne cyathopoda,Australia,Queensland,NA,"7 km west of Aurukun, Cape York Peninsula. (With AIK.)",-13.3511,141.6631,3/6/12,GBIF,CNS,CNS,CNS,CNS,3642,1451002649,"Smith, N.M.",5558,3/6/12,NA,NA,NA,0
256,Chionachne,Chionachne cyathopoda,Australia,Queensland,NA,LONG IS,-20.37357502,148.8591487,7/24/35,GBIF,BRI,BRI,BRI,Herbrecs,3662,1651995635,"White, C.T.",12123,7/24/35,NA,NA,NA,0
257,Chionachne,Chionachne cyathopoda,Australia,Queensland,NA,"Eungella National Park, state forest near National Park office.",-21.1667,148.4833,4/5/78,GBIF,CANB,CANB,CANB,CANB,3664,993300686,"Simon, B.K.",3261,4/5/78,"Simon, B.K.",NA,NA,0
258,Chionachne,Chionachne punctata,Cambodia,NA,NA,Phnom Penh.,11.56,104.92,12/24/69,GBIF,K,K,K,Herbarium,3716,912325424,"[Mare, M.]",1652,12/24/69,NA,NA,NA,0
259,Chionachne,Chionachne hubbardiana,Australia,Western Australia,NA,"Kimberley Research Station, Ord River.",-15.65,128.7,4/17/58,GBIF,MEL,MEL,MEL,MEL,3283,995081538,"Burbidge, N.T.",5772,4/17/58,NA,NA,NA,0
260,Chionachne,Chionachne hubbardiana,Australia,Queensland,NA,4 miles nth west of mckinley township.,-21.28184301,141.26783,3/20/54,GBIF,DNA,DNA,DNA,DNA,3755,994229588,"Lazarides, M.",4454,3/20/54,NA,NA,NA,0
261,Chionachne,Chionachne cyathopoda,Australia,Queensland,NA,"HAMMOND ISLAND, TORRES STRAIT - W OF COMMUNITY NEAR MANGROVE-LINED EMBANKMENT",-10.552333,142.209067,2/8/00,GBIF,BRI,BRI,BRI,Herbrecs,3662,1652272125,"Waterhouse, B.M.",BMW5607,2/8/00,"Waterhouse, B.M.",NA,NA,0
262,Chionachne,Chionachne cyathopoda,Australia,Northern,NA,cox river station.,-15.94856601,134.767865,7/10/77,GBIF,DNA,DNA,DNA,DNA,3755,994258529,"Latz, P.",7295,7/10/77,NA,NA,NA,0
263,Chionachne,Chionachne hubbardiana,Australia,Northern,NA,"Pigeon Hole Station, Sandstone Paddock",-16.92430001,130.9869,5/5/03,GBIF,DNA,DNA,DNA,DNA,3755,994375903,"Risler, J.",2421,5/5/03,NA,NA,NA,0
264,Chionachne,Chionachne cyathopoda,Australia,Queensland,NA,BILOELA,-24.41522328,150.5841432,3/1/31,GBIF,BRI,BRI,BRI,Herbrecs,3662,1651995624,"Cowdry, W.A.",8,3/1/31,NA,NA,NA,0
265,Chionachne,Chionachne hubbardiana,Australia,Northern,NA,"Victoria River District, Moolooloo Station, Toplanes paddock",-16.49360001,131.3506,5/5/95,GBIF,DNA,DNA,DNA,DNA,3755,1257333224,"Van Kerckhof, D.",57,5/5/95,NA,NA,NA,0
266,Chionachne,Chionachne cyathopoda,Australia,Queensland,NA,"MER (MURRAY) ISLAND, TORRES STRAIT",-9.915683,144.040533,9/8/00,GBIF,BRI,BRI,BRI,Herbrecs,3662,1652264257,"Waterhouse, B.M.",BMW6028,9/8/00,"Waterhouse, B.M.",NA,NA,0
267,Chionachne,Chionachne cyathopoda,Australia,Queensland,NA,"Funnel Creek, 18 miles S of Nebo Township.",-22.3,148.95,7/4/62,GBIF,CANB,CANB,CANB,CANB,3664,993119614,Story,133,7/4/62,"Simon, B.K.",1/1/85,NA,0
268,Chionachne,Chionachne cyathopoda,Australia,Northern,NA,"McArthur River, just south of Mt Stubbs.",-16.4167,136.1,9/8/75,GBIF,CANB,CANB,CANB,CANB,3664,993241610,"Rice, B.L.",1089,9/8/75,"Simon, B.K.",1/1/85,NA,0
269,Chionachne,Chionachne javanica,Indonesia,NA,NA,"Java - Besuki, G. Watangan, West",-7.50278,111.26306,NA,GBIF,G,G,G,Geneva Herbarium – General Collection (G),3547,1144659498,"Backer, C. A. (Coll. Delessert 1954)",NA,NA,NA,NA,NA,0
270,Chionachne,Chionachne cyathopoda,Australia,Queensland,NA,"Ravenshoe, south-southwest of Cairns.",-17.6,145.47,3/31/45,GBIF,NSW,NSW,NSW,NSW,3466,995920999,"Flecker, H.",s.n.,3/31/45,"Jannink, T. A.",6/1/98,NA,0
271,Chionachne,Chionachne hubbardiana,Australia,Western Australia,NA,Kununurra Block 36,-15.76166701,128.735,NA,GBIF,PERTH,PERTH,PERTH,PERTH,3397,996402687,"Sykes, C.",B,NA,B.K. Simon,NA,NA,0
272,Chionachne,Chionachne cyathopoda,Australia,Western Australia,NA,"Fitzroy River, near Yeeda",-17.62000001,123.646389,5/6/44,GBIF,PERTH,PERTH,PERTH,PERTH,3397,996396470,"Gardner, C.A.",7077,5/6/44,B.K. Simon,NA,NA,0
273,Chionachne,Chionachne cyathopoda,Australia,Northern,NA,53km sw victoria river station.,-16.63192101,130.701232,6/14/74,GBIF,DNA,DNA,DNA,DNA,3755,994257890,"Latz, P.",5308,6/14/74,NA,NA,NA,0
274,Chionachne,Chionachne cyathopoda,Australia,Queensland,NA,CHINCHILLA,-26.74855201,150.5841558,3/1/55,GBIF,BRI,BRI,BRI,Herbrecs,3662,1651995645,"Klinge, C.D.",NA,3/1/55,NA,NA,NA,0
275,Chionachne,Chionachne cyathopoda,Australia,Northern,NA,"Victoria River, 44 miles [70.5 km] SW of Willeroo Station.",-15.7667,131.0833,6/3/52,GBIF,CANB,CANB,CANB,CANB,3664,993283118,"Lazarides, M.",2860,6/3/52,"Simon, B.K.",1/1/85,NA,0
276,Chionachne,Chionachne hubbardiana,Australia,Northern,NA,16.4 miles s of limbunya.,-17.43192501,130.034575,5/8/59,GBIF,DNA,DNA,DNA,DNA,3755,994217556,"Chippendale, G.",5913,5/8/59,NA,NA,NA,0
277,Chionachne,Chionachne cyathopoda,Australia,Queensland,NA,"Douglas Campus, James Cook University, Townsville. Creek bed",-19.3269,146.7586,4/1/75,GBIF,JCT,JCT,JCT,JCT,3258,1257397480,"Birch, W.R.",75/3,4/1/75,(BRI),NA,NA,0
278,Chionachne,Chionachne hubbardiana,Australia,Queensland,NA,"HILLGROVE STATION, VIA CHARTERS TOWERS",-19.76383732,145.7661018,3/13/08,GBIF,BRI,BRI,BRI,Herbrecs,3662,1652288193,"Gardiner, C.",T491,3/13/08,"Thompson, E.J.",4/1/08,NA,0
279,Chionachne,Chionachne cyathopoda,Australia,Queensland,NA,1 km W of Glen Geddes Railsiding.,-23.02810001,150.2397,3/18/05,GBIF,NSW,NSW,NSW,NSW,3466,996199685,"Forster, P.I.",PIF30608,3/18/05,"Thompson, E.J.",10/1/05,NA,0
280,Chionachne,Chionachne cyathopoda,Australia,Northern,NA,"mcarthur river, 3km east borroloola",-16.09855901,136.30118,7/13/76,GBIF,DNA,DNA,DNA,DNA,3755,1257306776,"Beauglehole, A.",54836,7/13/76,NA,NA,NA,0
281,Chionachne,Chionachne cyathopoda,Australia,Northern,NA,Limmen National Park;  48 km south-west from Nathan River Ranger Station.,-15.77910001,135.0314,4/17/08,GBIF,DNA,DNA,DNA,DNA,3755,994394747,"Westaway, J.",2464,4/17/08,NA,NA,NA,0
282,Chionachne,Chionachne cyathopoda,Australia,Western Australia,NA,"Kimberley Research Station, East Kimberleys.",-15.65,128.7167,8/30/53,GBIF,CANB,CANB,CANB,CANB,3664,993118691,"Langfield, E.C.B.",335,8/30/53,"Simon, B.K.",1/1/85,NA,0
283,Chionachne,Chionachne cyathopoda,Australia,Queensland,NA,"Cabbage Tree Creek, 19 km E of Old Laura on the road to Cooktown",-15.29860822,144.600852,5/13/87,GBIF,CNS,CNS,CNS,MBA,3642,1061547436,"Clarkson, J.R.",7209,5/13/87,NA,NA,NA,0
284,Chionachne,Chionachne hubbardiana,Australia,Queensland,NA,TRANBY,-22.74859416,142.4175706,5/9/36,GBIF,BRI,BRI,BRI,Herbrecs,3662,1651995671,"Blake, S.T.",11432,5/9/36,Hubbard,NA,NA,0
285,Chionachne,Chionachne cyathopoda,Australia,Northern,NA,Robinson River Stn.,-16.74855101,136.967845,8/16/91,GBIF,DNA,DNA,DNA,DNA,3755,994349322,"Wightman, G.",5457,8/16/91,NA,NA,NA,0
286,Chionachne,Chionachne hubbardiana,Australia,Western Australia,NA,"Weaber Plain, c. 45 km NE of Kununurra, near the WA/NT border. E Kimberley.",-15.4333,128.95,4/26/77,GBIF,CANB,CANB,CANB,CANB,3664,993231248,"Pullen, R.",10886,4/26/77,"Simon, B.K.",1/1/85,NA,0
287,Chionachne,Chionachne cyathopoda,Australia,Queensland,NA,"Hobble Clain Creek "" Wernadinga"".",-17.9333,139.9333,4/29/74,GBIF,CANB,CANB,CANB,CANB,3664,993228470,"Jacobs, S.",1341,4/29/74,NA,NA,NA,0
288,Chionachne,Chionachne cyathopoda,Australia,Queensland,NA,Ayr.,-19.5667,147.55,4/15/52,GBIF,CANB,CANB,CANB,CANB,3664,993232399,"Kleinschmidt, F.H.",184,4/15/52,"Burbidge, N.T.",8/16/54,NA,0
289,Chionachne,Chionachne cyathopoda,Australia,Northern,NA,Hodgson River.,-14.9,134.45,5/8/69,GBIF,CANB,CANB,CANB,CANB,3664,993178698,"Byrnes, N.",1612,5/8/69,NA,NA,NA,0
290,Chionachne,Chionachne cyathopoda,Australia,Queensland,NA,NOBBY (NOBLIES) CREEK SOUTH OF COOKTOWN.,-15.67360507,145.2258458,5/23/62,GBIF,BRI,BRI,BRI,Herbrecs,3662,1651995629,"Blake, S.T.",21855,5/23/62,NA,NA,NA,0
291,Chionachne,Chionachne javanica,Indonesia,NA,NA,"Flores, Nunang.",-8.52,120.59,6/9/88,GBIF,K,K,K,Herbarium,3716,912384508,"Schmutz, E.",6747,6/9/88,NA,NA,NA,0
292,Chionachne,Chionachne cyathopoda,Australia,Queensland,NA,"'Toomba', basalt wall near Homestead.",-19.9663,145.582,4/6/05,GBIF,NSW,NSW,NSW,NSW,3466,995962297,"Jacobs, S. W. L.",9289,4/6/05,NA,NA,NA,0
293,Chionachne,Chionachne cyathopoda,Australia,Queensland,NA,Comet River [= Meteor Creek].,-24.5,148.4167,1847-03-01,GBIF,MEL,MEL,MEL,MEL,3283,994883402,"Leichhardt, F.W.L.",s.n.,1847-03-01,"Simon, B.K.",8/10/84,NA,0
294,Chionachne,Chionachne macrophylla,Papua New Guinea,NA,NA,"South side of Asaro river, SW of Goroka. Goroka subdistrict; E. Highlands.",-6.0833,145.3833,9/16/57,GBIF,CANB,CANB,CANB,CANB,3664,993409725,"Pullen, R.",614,9/16/57,"Lally, T.R.",3/10/03,NA,0
295,Chionachne,Chionachne cyathopoda,Australia,Western Australia,NA,"Near Innes house, adjacent to Ivanhoe Crossing Road, 5.89 km from Kununurra Post Office on a bearing of 326 degrees",-15.72662001,128.712081,2/25/02,GBIF,PERTH,PERTH,PERTH,PERTH,3397,996750462,"Mitchell, A.A.",7057,2/25/02,B.K. Simon (pers.comm.),NA,NA,0
296,Chionachne,Chionachne cyathopoda,Australia,Queensland,NA,"Settlement Creek, on the `Westmoreland' to `Wollogorang' road.",-17.2,138.03,5/12/74,GBIF,NSW,NSW,NSW,NSW,3466,995808243,"Jacobs, S. W. L.",1556,5/12/74,"Jannink, T. A.",6/1/98,NA,0
297,Chionachne,Chionachne cyathopoda,Australia,Queensland,Moreton Bay,BORALLON NR IPSWICH,-27.58187356,152.7507966,2/9/61,GBIF,BRI,BRI,BRI,Herbrecs,3662,1651995657,"Fitzgerald, K.",NA,2/9/61,NA,NA,NA,0
298,Chionachne,Chionachne cyathopoda,Australia,Western Australia,NA,Ord River,-17.42833301,127.611389,NA,GBIF,PERTH,PERTH,PERTH,PERTH,3397,996396477,"Durack, K.M.",s.n.,NA,B.K. Simon,NA,NA,0
299,Chionachne,Chionachne cyathopoda,Australia,Queensland,North Burnett,MUNGUNGO VIA MONTO,-24.7485527,151.2508026,2/1/46,GBIF,BRI,BRI,BRI,Herbrecs,3662,1651995651,"Bryans, E.J.",NA,2/1/46,NA,NA,NA,0
300,Chionachne,Chionachne hubbardiana,Australia,Queensland,NA,SHIRE OF BELYANDO PARISH OF KILCUMMIN PORTION 15,-21.49857974,146.5008498,12/10/86,GBIF,BRI,BRI,BRI,Herbrecs,3662,1652072893,"Chamberlain, J.",NA,12/10/86,NA,NA,NA,0
301,Chionachne,Chionachne cyathopoda,Australia,Northern,NA,Daly River Mission Area.,-13.748598,130.751218,2/25/92,GBIF,DNA,DNA,DNA,DNA,3755,994349788,"Wightman, G.",5615,2/25/92,NA,NA,NA,0
302,Chionachne,Chionachne cyathopoda,Australia,Northern,NA,Keep River National Park.,-15.81902001,129.10657,5/15/11,GBIF,DNA,DNA,DNA,DNA,3755,994408755,"Westaway, J.",3585,5/15/11,NA,NA,NA,0
303,Chionachne,Chionachne hubbardiana,Australia,Queensland,NA,4 miles [6.4 Km] NW of McKinlay Township.,-21.2667,141.2833,3/20/54,GBIF,MEL,MEL,MEL,MEL,3283,994883721,"Lazarides, M.",4454,3/20/54,"Lazarides, M.",NA,NA,0
304,Chionachne,Chionachne hubbardiana,Australia,NA,NA,55 km S of Normanton on the Burke Development Road to Cloncurry.,-18.00610001,140.516,2/22/06,GBIF,NSW,NSW,NSW,NSW,3466,996199248,"Fox, I. D.; Wilson, G. W.",IDF3785,2/22/06,"Fox, I. D.",NA,NA,0
305,Chionachne,Chionachne hubbardiana,Australia,Queensland,Burke,50KM S OF BURKETOWN ON ARMRAYNALD STATION (GULF SITE 283),-17.919167,139.676111,4/16/04,GBIF,BRI,BRI,BRI,Herbrecs,3662,1652282352,"Thompson, E.J.",BUR195,4/16/04,"Thompson, E.J.",9/1/07,NA,0
306,Chionachne,Chionachne cyathopoda,Australia,Queensland,NA,AYR,-19.58191559,147.417498,3/28/35,GBIF,BRI,BRI,BRI,Herbrecs,3662,1651995662,"Blake, S.T.",8342A,3/28/35,NA,NA,NA,0
307,Chionachne,Chionachne hubbardiana,Australia,Northern,NA,8m S.E. Katherine.,-14.531913,132.251205,4/8/68,GBIF,DNA,DNA,DNA,DNA,3755,994294066,"Robinson, C.",44,4/8/68,NA,NA,NA,0
308,Chionachne,Chionachne cyathopoda,Australia,Northern,NA,Low ground about 100 m east of McArthur River.,-16.4167,136.1,9/17/75,GBIF,CANB,CANB,CANB,CANB,3664,993241583,"Rice, B.L.",2107,9/17/75,"Simon, B.K.",1/1/85,NA,0
309,Chionachne,Chionachne hubbardiana,Australia,Northern,NA,25 m[iles] E of Stuart Highway at Daly Waters,-16.26509455,133.7435101,6/7/67,GBIF,AD,AD,AD,AD,3390,992454141,"Symon, D.E.",5088,6/7/67,"Symon, D.E.",NA,NA,0
310,Chionachne,Chionachne cyathopoda,Australia,Northern,NA,Claravale.,-14.3333,131.5833,12/16/98,GBIF,DNA,DNA,DNA,DNA,3755,994361001,"Wightman, G.",7062,12/16/98,NA,NA,NA,0
311,Chionachne,Chionachne hubbardiana,Australia,Northern,NA,Near Rockhampton Downs.,-18.95,135.2,5/18/47,GBIF,NSW,NSW,NSW,NSW,3466,996218359,"Blake, S. T.",17848,5/18/47,NA,NA,NA,0
312,Chionachne,Chionachne hubbardiana,Australia,Northern,NA,"3km NE No.38 Bore,Mittiebah Stn.",-18.88920901,137.7495,3/24/04,GBIF,DNA,DNA,DNA,NT,3755,1257367156,"Harris, M.",77,3/24/04,NA,NA,NA,0
313,Chionachne,Chionachne cyathopoda,Australia,Queensland,NA,Rockhampton.,-23.3667,150.4667,NA,GBIF,MEL,MEL,MEL,MEL,3283,994883607,"O'Shanesy, P.A.",s.n.,NA,"Simon, B.K.",8/13/84,NA,0
314,Chionachne,Chionachne cyathopoda,Australia,Queensland,NA,SPRINGWOOD C 20M WSW OF ROLLESTON,-24.58189824,148.4175072,3/1/58,GBIF,BRI,BRI,BRI,Herbrecs,3662,1651995647,"Bisset, W.J.",E163,3/1/58,NA,NA,NA,0
315,Chionachne,Chionachne cyathopoda,Australia,Northern,NA,VRD; Pigeon Hole; Mistake Ck.,-16.73191801,131.201235,11/27/96,GBIF,DNA,DNA,DNA,DNA,3755,994359214,"Wightman, G.",6897,11/27/96,NA,NA,NA,0
316,Chionachne,Chionachne cyathopoda,Australia,Queensland,NA,KAIRI,-17.24859712,145.5841787,6/1/13,GBIF,BRI,BRI,BRI,Herbrecs,3662,1651995638,"Bick, E.W.",69,6/1/13,NA,NA,NA,0
317,Chionachne,Chionachne cyathopoda,Australia,Queensland,NA,Gracemere.,-23.4333,150.45,1874-04-04,GBIF,MEL,MEL,MEL,MEL,3283,994883591,"O'Shanesy, P.A.",1462,1874-04-04,"Simon, B.K.",8/13/84,NA,0
318,Chionachne,Chionachne cyathopoda,Australia,Northern,NA,Mataranka Reserve.,-14.931906,133.11787,5/4/77,GBIF,DNA,DNA,DNA,DNA,3755,994302666,"Parker, M.",806,5/4/77,NA,NA,NA,0
319,Chionachne,Chionachne cyathopoda,Australia,Northern,NA,"Vic River Crossing boat ramp,  Gregory National Park",-15.63060001,131.1344,6/22/00,GBIF,DNA,DNA,DNA,DNA,3755,994361928,"Kerrigan, R.",162,6/22/00,NA,NA,NA,0
320,Chionachne,Chionachne cyathopoda,Australia,Northern,NA,"4km west of victoria river inn, gregory national park",-15.59859001,131.101228,3/15/86,GBIF,DNA,DNA,DNA,DNA,3755,994267756,"Thomson, B.",1410,3/15/86,NA,NA,NA,0
321,Chionachne,Chionachne cyathopoda,Australia,Queensland,NA,NR CLIFTON HS CA 1KM E FROM E BOUNDARY OF KROOMBIT TOPS SF (GPS 24 22 15 151 03 52) (SITE 52),-24.36938739,151.0652473,2/23/95,GBIF,BRI,BRI,BRI,Herbrecs,3662,1652153252,"Thompson, E.J.",CAL96,2/23/95,"Thompson, E.J.",5/1/95,NA,0
322,Chionachne,Chionachne cyathopoda,Australia,Northern,NA,Macarthur River camp ground,-15.94856001,136.501176,7/7/84,GBIF,DNA,DNA,DNA,DNA,3755,994367919,"Wightman, G.",1595,7/7/84,NA,NA,NA,0
323,Chionachne,Chionachne cyathopoda,Australia,Queensland,NA,"DRY SWAMP, AURUKUN, CAPE YORK",-13.37362287,141.7592119,11/24/99,GBIF,BRI,BRI,BRI,Herbrecs,3662,1652142929,"Smith, N.M.",4521,11/24/99,NA,NA,NA,0
324,Chionachne,Chionachne cyathopoda,Australia,Northern,NA,"McArthur River, 130 miles [c. 210 km] from `Anthony Lagoon'.",-16.52,136.02,6/1/36,GBIF,NSW,NSW,NSW,NSW,3466,995920940,"Schoeffe, R.",s.n.,6/1/36,"Jannink, T. A.",6/1/98,NA,0
325,Chionachne,Chionachne punctata,Indonesia,NA,NA,Archip. Ind. Kamgean. Tambajangan,-6.88,115.42,NA,GBIF,K,K,K,Herbarium,3716,912325458,Backer,27633,NA,NA,NA,NA,0
326,Chionachne,Chionachne cyathopoda,Australia,Queensland,NA,CARNARVON STATION,-24.80078553,148.7188933,3/12/01,GBIF,BRI,BRI,BRI,Herbrecs,3662,1652105473,"Fensham, R.J.",4234,3/12/01,NA,NA,NA,0
327,Chionachne,Chionachne hubbardiana,Australia,Queensland,NA,"Hillgrove Station, north of Charters Towers, Qld",-19.75,145.75,3/13/08,GBIF,JCT,JCT,JCT,JCT,3258,1257395804,"Gardiner, C.P.",T491,3/13/08,"Ngugi, L. (BRI)",4/18/08,NA,0
328,Chionachne,Chionachne cyathopoda,Australia,Queensland,NA,SALTBUSH PARK HS,-22.08190209,148.9174887,7/12/62,GBIF,BRI,BRI,BRI,Herbrecs,3662,1651995649,Story,158,7/12/62,NA,NA,NA,0
329,Chionachne,Chionachne macrophylla,Papua New Guinea,NA,NA,"South side of Asaro river, SW of Goroka. Goroka subdistrict; E. Highlands.",-6.0833,145.3833,9/16/57,GBIF,CANB,CANB,CANB,CANB,3664,993409556,"Pullen, R.",614,9/16/57,"Lally, T.R.",3/10/03,NA,0
330,Chionachne,Chionachne hubbardiana,Australia,Queensland,NA,53KM NE CLERMONT (GPS 22 27 21 147 56 12),-22.45440479,147.937503,5/9/95,GBIF,BRI,BRI,BRI,Herbrecs,3662,1652205086,"Fensham, R.J.",2732,5/9/95,NA,NA,NA,0
331,Chionachne,Chionachne cyathopoda,Australia,Northern,NA,"Timber Creek, Victoria River.",-15.6333,130.4667,4/29/68,GBIF,CANB,CANB,CANB,CANB,3664,993155628,"Robinson, C.",CSR 51,4/29/68,"Simon, B.K.",1/1/85,NA,0
332,Chionachne,Chionachne cyathopoda,Australia,Northern,NA,Victoria River Crossing.,-15.6,131.1167,5/9/68,GBIF,CANB,CANB,CANB,CANB,3664,993189364,"Byrnes, N.",732,5/9/68,"Simon, B.K.",1/1/85,NA,0
333,Chionachne,Chionachne cyathopoda,Australia,Queensland,NA,Millstream Falls near Ravenshoe.,-17.62,145.45,5/15/55,GBIF,NSW,NSW,NSW,NSW,3466,995590802,"Vickery, J. W.",s.n.,5/15/55,"Jannink, T. A.",6/1/98,NA,0
334,Chionachne,Chionachne cyathopoda,Australia,Northern,NA,Daly R. Near river banks,-13.76666,130.7,7/17/46,MO,MO,MO,MO,NA,280,NA,S.T. Blake,16495,7/17/46,"S.T. Blake,",1/1/46,NA,0
335,Chionachne,Chionachne cyathopoda,Australia,Queensland,NA,CABBAGE TREE CK W OF LAKE EMMA LAKEFIELD NP (EX COLL 15 18 11 144 36 58),-15.30166417,144.6169629,8/2/97,GBIF,BRI,BRI,BRI,Herbrecs,3662,1652125671,"Jacobs, S.W.",8200,8/2/97,"Jacobs, S.W.",3/1/98,NA,0
336,Chionachne,Chionachne cyathopoda,Australia,Queensland,Moreton Bay,TARAMPA,-27.4152086,152.5841311,NA,GBIF,BRI,BRI,BRI,Herbrecs,3662,1651995670,"Bailey, F.M.",NA,NA,NA,NA,NA,0
337,Chionachne,Chionachne hubbardiana,Australia,Queensland,NA,"On Wrotham Park, ca 50 miles [80.4 km] NW of Mungana.",-16.6667,144,4/5/38,GBIF,CANB,CANB,CANB,CANB,3664,993211042,"Blake, S.T.",13655,4/5/38,NA,NA,NA,0
338,Chionachne,Chionachne cyathopoda,Australia,Queensland,NA,"c. 53 km NE of Lawn Hill, on road to Doomadgee.",-18.2333,138.9833,7/11/74,GBIF,CANB,CANB,CANB,CBG,3664,993804329,"Kratzing, D.",1334,7/11/74,"Verdon, D.",4/3/75,NA,0
339,Chionachne,Chionachne cyathopoda,Australia,Queensland,NA,8.7KM W OF ROKEBY RANGER STATION ROKEBY NP,-13.65695303,142.6092035,6/26/93,GBIF,BRI,BRI,BRI,Herbrecs,3662,1652160977,"Neldner, V.J.",4081,6/26/93,NA,NA,NA,0
340,Chionachne,Chionachne cyathopoda,Australia,Queensland,Burke,LAWN HILL STN,-18.72361462,138.4759266,7/23/71,GBIF,BRI,BRI,BRI,Herbrecs,3662,1651995604,"Latz, P.K.",1611,7/23/71,"Latz, P.K.",NA,NA,0
341,Chionachne,Chionachne cyathopoda,Australia,Northern,NA,Tanumbirini Station.,-16.3667,134.9333,6/3/71,GBIF,CANB,CANB,CANB,CANB,3664,993193964,"Latz, P.K.",1388,6/3/71,"Simon, B.K.",1/1/85,NA,0
342,Chionachne,Chionachne hubbardiana,Australia,Queensland,NA,Tranby.,-22.6667,142.4167,5/9/36,GBIF,CANB,CANB,CANB,CANB,3664,993210971,"Blake, S.T.",11432,5/9/36,NA,NA,NA,0
343,Chionachne,Chionachne cyathopoda,Australia,Northern,NA,"Mallapunyah Spring Station, Kilgour Gorge.",-17.15,135.7833,5/19/84,GBIF,CANB,CANB,CANB,CANB,3664,993312380,"Halford, D.",84576,5/19/84,NA,NA,NA,0
344,Chionachne,Chionachne massiei,China,NA,NA,,36.519977,103.891767,NA,GBIF,NHMUK,NHMUK,NHMUK,BOT,2075,1057426712,Clovis Thorel; b.1833; d.1911; Thorel,2529,NA,Atchara Teerawatananon; Teerawat.,NA,NA,0
345,Chionachne,Chionachne cyathopoda,Australia,Northern,NA,"mallapunyah spring station, kilgour gorge.",-17.14856001,135.784525,5/19/84,GBIF,DNA,DNA,DNA,DNA,3755,994264105,"Halford, D.",84576,5/19/84,NA,NA,NA,0
346,Chionachne,Chionachne cyathopoda,Australia,Western Australia,NA,"Old oxbow of Ord River, 25 km SE of Wyndham.",-15.55,128.3333,3/16/78,GBIF,CANB,CANB,CANB,CANB,3664,993241511,"Paijmans, K.",2498,3/16/78,"Simon, B.K.",1/1/85,NA,0
347,Chionachne,Chionachne macrophylla,Papua New Guinea,Milne Bay,NA,"Bolu Bolu [ Bolubolu], Goodenough Island, Milne Bay District.",-9.3833,150.35,9/29/53,GBIF,CANB,CANB,CANB,CANB,3664,993126007,"Brass, L.J.",24424,9/29/53,"Lally, T.R.",3/10/03,NA,0
348,Chionachne,Chionachne cyathopoda,Australia,Northern,NA,katherine near c.s.i.r.o. research station.,-14.398584,132.151212,6/8/67,GBIF,DNA,DNA,DNA,DNA,3755,994229117,"Symon, D.",5105,6/8/67,NA,NA,NA,0
349,Chionachne,Chionachne cyathopoda,Australia,Queensland,NA,"PALM TREE CREEK, C. 15KM N OF TAROOM.",-25.4902247,149.7591601,3/12/11,GBIF,BRI,BRI,BRI,Herbrecs,3662,1652295623,"Dwyer, T.",NA,3/12/11,NA,NA,NA,0
350,Chionachne,Chionachne cyathopoda,Australia,Northern,NA,Daly River.,-13.7667,130.7,7/17/46,GBIF,CANB,CANB,CANB,CANB,3664,993301529,"Blake, S.T.",16495,7/17/46,"Blake, S.T.",NA,NA,0
351,Chionachne,Chionachne hubbardiana,Australia,Northern,NA,24km East of Cattle Ck.Stn.Hmsd.,-17.58331001,131.78028,5/4/04,GBIF,DNA,DNA,DNA,NT,3755,1257368087,"Albrecht, D.",10823,5/4/04,NA,NA,NA,0
352,Chionachne,Chionachne cyathopoda,Australia,Queensland,NA,"NEAR CORNER OF MAIDAVALE ROAD AND MCLAUGHLIN ROAD, AYR DISTRICT, AYR",-19.61886064,147.3583319,11/22/07,GBIF,BRI,BRI,BRI,Herbrecs,3662,1652289602,"McNiven, M.",NA,11/22/07,"Pollock, A.B.",1/1/08,NA,0
353,Chionachne,Chionachne cyathopoda,Australia,Queensland,Burke,BURKETOWN,-17.74861278,139.5842452,6/1/35,GBIF,BRI,BRI,BRI,Herbrecs,3662,1651995589,"Blake, S.T.",9217,6/1/35,NA,NA,NA,0
354,Chionachne,Chionachne macrophylla,Papua New Guinea,NA,NA,"Near Jegarata Village (South of Popondetta), Northern District.",-8.7833,148.2167,7/17/53,GBIF,CANB,CANB,CANB,CANB,3664,993115894,"Hoogland, R.D.",3365,7/17/53,"Jannink, T.S.",6/1/98,NA,0
355,Chionachne,Chionachne cyathopoda,Australia,Queensland,NA,5 miles nth of craigie statipon qld.,-19.46516201,144.817767,7/2/53,GBIF,DNA,DNA,DNA,DNA,3755,994229596,"Lazarides, M.",3710,7/2/53,NA,NA,NA,0
356,Chionachne,Chionachne hubbardiana,Australia,Northern,NA,"Sunday Creek Station, 38km NW of Daly Waters",-16.09440001,133.0958,6/1/01,GBIF,DNA,DNA,DNA,DNA,3755,994365508,"Brock, C.",284,6/1/01,NA,NA,NA,0
357,Chionachne,Chionachne hubbardiana,Australia,Queensland,NA,20 km S of Nelia.,-20.8167,142.25,3/27/84,GBIF,CANB,CANB,CANB,CANB,3664,993319716,"Barnes, A.W.",s.n.,3/27/84,NA,NA,NA,0
358,Chionachne,Chionachne macrophylla,Papua New Guinea,Central,NA,Kanosia.,-8.9667,146.95,3/3/35,GBIF,CANB,CANB,CANB,CANB,3664,993569370,"Carr, C.E.",11573,3/3/35,"Lally, T.R.",3/10/03,NA,0
359,Chionachne,Chionachne gigantea,Australia,Queensland,NA,"CULTIVATED: C.S.I.R. plots, Fitzroyvale [near Rockhampton].",-23.3667,150.5333,NA,GBIF,CANB,CANB,CANB,CANB,3664,993748694,"Bailey, E.",CPI 1521,NA,"Hartley, W.",1/17/44,NA,0
360,Chionachne,Chionachne cyathopoda,Australia,Northern,NA,Roper H/Way; 25km E.of Elsey Stn.,-14.965246,133.517872,3/22/88,GBIF,DNA,DNA,DNA,DNA,3755,994337770,"Wilson, P.",1152,3/22/88,NA,NA,NA,0
361,Chionachne,Chionachne macrophylla,Papua New Guinea,NA,NA,End of airstrip at Aiome. Lower Ramu-Atitau area. Madang District.,-5.1333,144.7333,8/2/58,GBIF,CANB,CANB,CANB,CANB,3664,993484497,"Robbins, R.G.",1304,8/2/58,"Jannink, T.A.",6/1/98,NA,0
362,Chionachne,Chionachne hubbardiana,Australia,Northern,NA,Southern end of NS track through Knox Creek Plain,-15.64448601,129.001278,5/18/99,GBIF,PERTH,PERTH,PERTH,PERTH,3397,996753072,"Bennett, E.; Ellery, P.",103-4,5/18/99,M. Hislop,8/12/03,NA,0
363,Chionachne,Chionachne cyathopoda,Australia,Queensland,NA,"Hammond Island, Torres Strait - west of community.",-10.5522,142.2089,2/8/00,GBIF,CANB,CANB,CANB,CANB,3664,993495732,"Waterhouse, B.M.",5607,2/8/00,"Waterhouse, B.M.",NA,NA,0
364,Chionachne,Chionachne cyathopoda,Australia,Northern,NA,victoria river crossing.,-16.33191901,131.117894,6/18/67,GBIF,DNA,DNA,DNA,DNA,3755,994229215,"Symon, D.",5198,6/18/67,NA,NA,NA,0
365,Chionachne,Chionachne cyathopoda,Australia,Queensland,North Burnett,6.8KM NE OF GAYNDAH ON BARAMBAH CREEK (FLOOD EFFECT SURVEY SITE - BR20-2).,-25.58194402,151.660833,5/27/11,GBIF,BRI,BRI,BRI,Herbrecs,3662,1652347891,"Thompson, E.J.",EJT545,5/27/11,"Thompson, E.J.",12/1/11,NA,0
366,Chionachne,Chionachne macrophylla,Papua New Guinea,NA,NA,"1 mile N of Aiome Patrol Post along Atemble track. Lower Ramu-Atitau area,  Madang District.",-5.1333,144.7333,8/14/58,GBIF,CANB,CANB,CANB,CANB,3664,993476529,"Pullen, R.",994,8/14/58,"Jannink, T.A.",6/1/98,NA,0
367,Chionachne,Chionachne hubbardiana,Australia,Queensland,NA,"From beyond Seaview Range, Cardwell district.",-18.75,145.75,1874-01-01,GBIF,MEL,MEL,MEL,MEL,3283,994883551,"Bailey, F.M.",81,1874-01-01,"Simon, B.K.",8/13/84,NA,0
368,Chionachne,Chionachne cyathopoda,Australia,Queensland,NA,Spring Ck. 11km S Woodstock,-19.68181201,146.851077,11/3/91,GBIF,DNA,DNA,DNA,DNA,3755,994351027,"Bean, A.",3744,11/3/91,NA,NA,NA,0
369,Chionachne,Chionachne cyathopoda,Australia,Queensland,NA,Gracemere.,-23.4333,150.45,1867-06-01,GBIF,MEL,MEL,MEL,MEL,3283,994883460,"O'Shanesy, P.A.",112,1867-06-01,"Simon, B.K.",8/10/84,NA,0
370,Chionachne,Chionachne hubbardiana,Australia,Northern,NA,29km Sth Brunette Downs Hmsd.,-18.89640001,135.9897,2/20/99,GBIF,DNA,DNA,DNA,NT,3755,1257360203,"Brock, C.",NA,2/20/99,NA,NA,NA,0
371,Chionachne,Chionachne cyathopoda,Australia,Queensland,NA,near morestone station qld.,-19.53186501,138.367852,5/28/48,GBIF,DNA,DNA,DNA,DNA,3755,994229621,"Perry, R.",1020,5/28/48,NA,NA,NA,0
372,Chionachne,Chionachne punctata,Indonesia,NA,NA,Java. Reboe Lepang.,-7.35,109.7,NA,GBIF,K,K,K,Herbarium,3716,912325444,"[Veeacts, S.]",10,NA,"Jannink, J.A.",NA,NA,0
373,Chionachne,Chionachne hubbardiana,Australia,Western Australia,NA,"Irrigation Research Station, Kununurra, Gardner Botanical district",-15.76666701,128.733333,4/26/85,GBIF,PERTH,PERTH,PERTH,PERTH,3397,996981679,T.E.H. Aplin et al.,490,4/26/85,B.K. Simon,NA,NA,0
374,Chionachne,Chionachne cyathopoda,Australia,Northern,NA,Hodgson River.,-15.5667,134.0833,5/8/69,GBIF,CANB,CANB,CANB,CANB,3664,993192086,"Byrnes, N.",1612,5/8/69,"Simon, B.K.",1/1/85,NA,0
375,Chionachne,Chionachne cyathopoda,Australia,Northern,NA,Katherine - Wyndham Road.,-15.5833,131.0833,7/26/65,GBIF,MEL,MEL,MEL,MEL,3283,995086224,"Beauglehole, A.C.",11055,7/26/65,"Vickery, J.W.",7/12/66,NA,0
376,Chionachne,Chionachne cyathopoda,Australia,Queensland,NA,"MERAPAH, CAPE YORK PENINSULA.",-13.723653,142.685908,8/3/10,GBIF,BRI,BRI,BRI,Herbrecs,3662,1652321138,"Wannan, B.S.",5907,8/3/10,"Thompson, E.J.",NA,NA,0
377,Chionachne,Chionachne cyathopoda,Australia,Queensland,NA,Southern side of Palmer River near King Junction Station.,-15.8856,143.4797,7/23/07,GBIF,CNS,CNS,CNS,CNS,3642,1142172915,"Addicott, E.P.",1791,7/23/07,NA,NA,NA,0
378,Chionachne,Chionachne hubbardiana,Australia,Northern,NA,Near Rockhampton Downs.,-18.95,135.1833,5/15/47,GBIF,CANB,CANB,CANB,CANB,3664,993157755,"Blake, S.T.",17848,5/15/47,NA,NA,NA,0
379,Chionachne,Chionachne cyathopoda,Australia,Northern,NA,Arnhem Land,-11.24871504,132.5676747,1/1/28,GBIF,AD,AD,AD,AD,3390,992114505,"Basedow, H.",119 b,1/1/28,"Simon, B.K.",1/1/85,NA,0
380,Chionachne,Chionachne cyathopoda,Australia,Western Australia,NA,Fitzroy River (Liveringa Station),-18.08333301,124.25,11/28/93,GBIF,PERTH,PERTH,PERTH,PERTH,3397,996544685,"Rowley, I.",HLA 119,11/28/93,NA,NA,NA,0
381,Chionachne,Chionachne biaurita,Philippines,NA,NA,,11.358,122.7292,11/29/53,GBIF,NHMUK,NHMUK,NHMUK,BOT,2075,1055536061,Cornelis Gijsbert Gerrit Jan van Steenis,17897,11/29/53,T.A. Jannink,NA,NA,0
382,Chionachne,Chionachne cyathopoda,Australia,Northern,NA,Carrara Waterhole;Mt.Drummon pastoral lease,-18.86993801,137.828379,3/24/04,GBIF,DNA,DNA,DNA,NT,3755,1257367160,"Harris, M.",88,3/24/04,NA,NA,NA,0
383,Chionachne,Chionachne hubbardiana,Australia,Northern,NA,Limbunya Station.,-17.24859101,129.75125,5/6/74,GBIF,DNA,DNA,DNA,DNA,3755,994301439,"Dunlop, C.",4079,5/6/74,NA,NA,NA,0
384,Chionachne,Chionachne cyathopoda,Australia,Queensland,NA,Rolling Down.  [Geocode is an arbitary point between Hughenden and Winton based on other locality descriptions of Domin collections].,-21.5667,143.6,3/1/10,GBIF,CANB,CANB,CANB,CANB,3664,993527772,"Domin, K.",s.n. p.p.,3/1/10,"Lally, T.R.",3/5/03,NA,0
385,Chionachne,Chionachne cyathopoda,Australia,Queensland,NA,"16 km NW of Charters Towers, on road to the Lynd.",-19.9333,145.2333,4/21/78,GBIF,CANB,CANB,CANB,CANB,3664,993497442,"Simon, B.K.",3446,4/21/78,"Simon, B.K.",NA,NA,0
386,Chionachne,Chionachne cyathopoda,Australia,Queensland,NA,Fitzroy River.,-23.3667,150.4667,1867-07-20,GBIF,MEL,MEL,MEL,MEL,3283,994884172,"O'Shanesy, P.A.",37,1867-07-20,"Simon, B.K.",8/10/84,NA,0
387,Chionachne,Chionachne cyathopoda,Australia,Queensland,NA,Saltbush Park Homestead.,-22.1333,148.9167,7/12/62,GBIF,CANB,CANB,CANB,CANB,3664,993120285,Story,158,7/12/62,NA,NA,NA,0
388,Chionachne,Chionachne cyathopoda,Australia,Western Australia,NA,Ord River Irrigation Area. Eastern side of Ivanhoe Crossing. IBRA Region: VB.,-15.68968401,128.687684,11/23/00,GBIF,PERTH,PERTH,PERTH,PERTH,3397,996720210,"Handasyde, T.; Start, A.N.",TH00 487,11/23/00,A.N. Start,11/23/00,NA,0
389,Chionachne,Chionachne gigantea,Australia,Queensland,NA,"`Fitzroy Vale', persistent in abandoned experimental plots.",-23.4,150.62,5/13/56,GBIF,NSW,NSW,NSW,NSW,3466,995809004,"Blake, S. T.",19954,5/13/56,"Simon, B. K.",1/1/85,NA,0
390,Chionachne,Chionachne cyathopoda,Australia,Queensland,NA,5M N OF CRAIGIE STN,-19.41525821,144.9175275,7/2/53,GBIF,BRI,BRI,BRI,Herbrecs,3662,1651995702,"Lazarides, M.",3710,7/2/53,"Blake, S.T.",NA,NA,0
391,Chionachne,Chionachne cyathopoda,Australia,Queensland,NA,WESTWOOD,-23.58189339,150.0841459,2/25/27,GBIF,BRI,BRI,BRI,Herbrecs,3662,1651995639,"White, C.T.",3387,2/25/27,NA,NA,NA,0
392,Chionachne,Chionachne cyathopoda,Australia,Queensland,NA,BILOELA,-24.41522328,150.5841432,12/1/33,GBIF,BRI,BRI,BRI,Herbrecs,3662,1651995632,"Strong, T.",A61,12/1/33,NA,NA,NA,0
393,Chionachne,Chionachne cyathopoda,Australia,Northern,NA,Elsey Stn.,-14.915245,133.517872,4/18/93,GBIF,DNA,DNA,DNA,DNA,3755,994356487,"Menkhorst, K.",1328,4/18/93,NA,NA,NA,0
394,Chionachne,Chionachne cyathopoda,Australia,Queensland,NA,"ORCHID CREEK STATION, BALD HILL",-13.217778,143.152222,5/1/14,GBIF,BRI,BRI,BRI,Herbrecs,3662,1652394935,"McDonald, K.R.",KRM15732,5/1/14,"Thompson, E.J.",10/1/14,NA,0
395,Chionachne,Chionachne cyathopoda,Australia,Northern,NA,25.5 miles [41 km] NNE of Mt. Sanford out-station.,-16.6333,130.7167,6/19/49,GBIF,CANB,CANB,CANB,CANB,3664,993118702,"Perry, R.A.",2176,6/19/49,"Blake, S.T.",NA,NA,0
396,Chionachne,Chionachne macrophylla,Papua New Guinea,Morobe,NA,Bulolo; Morobe District.,-7.2,146.6167,2/3/50,GBIF,CANB,CANB,CANB,CANB,3664,993115909,"Fryar, D.",NGF 3946,2/3/50,"Lally, T.R.",3/10/03,NA,0
397,Chionachne,Chionachne cyathopoda,Australia,Queensland,NA,PENINSULA DEVELOPMENT RD,-15.84027207,144.8758502,5/14/95,GBIF,BRI,BRI,BRI,Herbrecs,3662,1652165160,Corfield,2265,5/14/95,"Simon, B.K.",12/1/95,NA,0
398,Chionachne,Chionachne hubbardiana,Australia,Northern,NA,"Alexandria Station, 2.5km E of NW corner of River Pdk",-18.98190001,136.755,7/18/00,GBIF,DNA,DNA,DNA,DNA,3755,994362111,"Risler, J.",493,7/18/00,NA,NA,NA,0
399,Chionachne,Chionachne cyathopoda,Australia,Queensland,NA,38KM NE OF BLACKWATER.,-23.23388902,148.915278,3/9/13,GBIF,BRI,BRI,BRI,Herbrecs,3662,1652395801,"Hodgins, A.",NA,3/9/13,"Thompson, E.J.",3/1/16,NA,0
400,Chionachne,Chionachne cyathopoda,Australia,Northern,NA,Wongalara. IBRA: GFU.,-14.2214,134.5603,6/6/12,GBIF,CANB,CANB,CANB,CANB,3664,1061532227,"Brennan, K.",9923,6/6/12,NA,NA,NA,0