"","scrubbed_genus","scrubbed_species_binomial","country","state_province","county","locality","latitude","longitude","date_collected","datasource","dataset","dataowner","custodial_institution_codes","collection_code","datasource_id","catalog_number","recorded_by","record_number","date_collected","identified_by","date_identified","identification_remarks","is_new_world"
"1","Clausospicula","Clausospicula extensa","Australia","Northern",NA,"Edith River area",-14.1297220039795,132.086111,1999-04-11,"GBIF","PERTH","PERTH","PERTH","PERTH",3397,"996945730","Michell, C.R.; Risler, J.A.","2336",1999-04-11,NA,NA,NA,0
"2","Clausospicula","Clausospicula extensa","Australia","Northern",NA,"Edith River area.",-14.1297600039796,132.08617,1999-04-11,"GBIF","DNA","DNA","DNA","DNA",3755,"1257332881","Michell, C.","2336",1999-04-11,NA,NA,NA,0
"3","Clausospicula","Clausospicula extensa","Australia","Northern",NA,"Nitmiluk National  Park, 17 Mile Valley.",-14.1690000040124,132.3692,2002-03-05,"GBIF","DNA","DNA","DNA","DNA",3755,"994367233","Michell, C.","3658",2002-03-05,NA,NA,NA,0
"4","Clausospicula","Clausospicula extensa","Australia","Northern",NA,"S Alligator River, 26 km WSW of Mt Evelyn.",-13.6667,132.6667,1973-02-26,"GBIF","CANB","CANB","CANB","CANB",3664,"993241025","Adams, L.G.; Lazarides, M.","3113",1973-02-26,"Spangler, R.",2000-06-01,NA,0
"5","Clausospicula","Clausospicula extensa","Australia","Northern",NA,"Nitmiluk National Park.",-14.3233000041427,132.3861,2001-03-01,"GBIF","DNA","DNA","DNA","DNA",3755,"994363132","Michell, C.","2704",2001-03-01,NA,NA,NA,0
"6","Clausospicula","Clausospicula extensa","Australia","Northern",NA,"Nitmiluk NP, Katherine Gorge.",-14.1700900040133,132.38132,2011-04-01,"GBIF","DNA","DNA","DNA","DNA",3755,"994405935","Franks, A.","s.n.",2011-04-01,NA,NA,NA,0
"7","Clausospicula","Clausospicula extensa","Australia","Northern",NA,"Old Edith Falls Road.",-14.15,132.08,1989-05-03,"GBIF","NSW","NSW","NSW","NSW",3466,"995950341","Leach, G. J.","2575",1989-05-03,"Lazarides, M.",1990-08-02,NA,0
"8","Clausospicula","Clausospicula extensa","Australia","Northern",NA,"N of Edith Falls.",-14.15,132.0833,1989-02-27,"GBIF","CANB","CANB","CANB","CANB",3664,"993357849","Barritt, M.J.","772",1989-02-27,"Spangler, R.",2000-06-01,NA,0
"9","Clausospicula","Clausospicula extensa","Australia","Northern",NA,"Annual grass to 0.3m. Ironwood/Eucalypt woodland on gentle slope on low hills. Common ground that area. Plot 205150.",-14.1700900040133,132.38132,2011-04-01,"GBIF","DNA","DNA","DNA","DNA",3755,"994407266","Mahney, T.","sn",2011-04-01,NA,NA,NA,0
"10","Clausospicula","Clausospicula extensa","Australia","Northern",NA,"Old Edith Falls track.",-14.0985880039536,132.051209,1987-03-21,"GBIF","DNA","DNA","DNA","DNA",3755,"994333163","Bowman, D.","508",1987-03-21,NA,NA,NA,0
"11","Clausospicula","Clausospicula extensa","Australia","Northern",NA,"Old Edith Falls Road.",-14.15,132.0833,1989-05-03,"GBIF","CANB","CANB","CANB","CANB",3664,"993358001","Leach, G.J.","2575",1989-05-03,"Spangle, R.",2002-06-01,NA,0
"12","Clausospicula","Clausospicula extensa","Australia","Northern",NA,"North of Edith Falls.",-14.1485860039953,132.08454,1989-02-27,"GBIF","DNA","DNA","DNA","DNA",3755,"994326524","Barritt, M.","772",1989-02-27,NA,NA,NA,0
"13","Clausospicula","Clausospicula extensa","Australia","Northern",NA,"Nitmiluk National Park.",-14.2441000040755,132.65,2002-03-14,"GBIF","DNA","DNA","DNA","DNA",3755,"994367340","Michell, C.","3657",2002-03-14,NA,NA,NA,0
"14","Clausospicula","Clausospicula extensa","Australia","Northern",NA,"Old Edith Falls Road.",-14.1485860039953,132.08454,1989-05-03,"GBIF","DNA","DNA","DNA","DNA",3755,"994326604","Leach, G.","2575",1989-05-03,NA,NA,NA,0
"15","Clausospicula","Clausospicula extensa","Australia","Northern",NA,"Old Edith Falls track.",-14.1,132.05,1987-03-21,"GBIF","MEL","MEL","MEL","MEL",3283,"994926035","Bowman, D.M.","508",1987-03-21,NA,NA,NA,0
"16","Clausospicula","Clausospicula extensa","Australia","Northern",NA,"Old Edith Falls Road.",-14.15,132.0833,1989-05-03,"GBIF","MEL","MEL","MEL","MEL",3283,"994927316","Leach, G.J.","2575",1989-05-03,"Lazarides, M.",1990-08-02,NA,0
"17","Clausospicula","Clausospicula extensa","Australia","Northern",NA,"Nitmiluk National Park, Edith Falls Area.",-14.2159000040517,132.1748,2002-05-07,"GBIF","DNA","DNA","DNA","DNA",3755,"994368650","Michell, C.","4074",2002-05-07,NA,NA,NA,0
"18","Clausospicula","Clausospicula extensa","Australia","Northern",NA,"S Alligator River, 26 km WSW of Mt Evelyn.",-13.6667,132.6667,1973-02-26,"GBIF","CANB","CANB","CANB","CANB",3664,"993241095","Adams, L.G.; Lazarides, M.","3113",1973-02-26,"Spangler, R.",2000-06-01,NA,0
"19","Clausospicula","Clausospicula extensa","Australia","Northern",NA,"Edith River area.",-14.1460500039932,132.09136,1999-04-11,"GBIF","DNA","DNA","DNA","DNA",3755,"1257332765","Michell, C.","2335",1999-04-11,NA,NA,NA,0
