"","scrubbed_genus","scrubbed_species_binomial","latitude","longitude","date_collected","datasource","dataset","dataowner","custodial_institution_codes","collection_code","datasource_id","is_new_world"
"1","Cleistachne","Cleistachne sorghoides",-6.875,37.625,1933-03-17,"GBIF","SANBI","SANBI","SANBI","PRECIS",2249,0
"2","Cleistachne","Cleistachne sorghoides",-19.006551,34.868726,1942-04-29,"GBIF","IICT","IICT","IICT","LISC",1812,0
"3","Cleistachne","Cleistachne sorghoides",-19.314742,34.075542,1948-04-19,"GBIF","IICT","IICT","IICT","LISC",1812,0
"4","Cleistachne","Cleistachne sorghoides",-16.024167,37.206111,1942-02-04,"GBIF","IICT","IICT","IICT","LISC",1812,0
"5","Cleistachne","Cleistachne sorghoides",-17.4341,35.2157,1943-04-04,"GBIF","IICT","IICT","IICT","LISC",1812,0
"6","Cleistachne","Cleistachne sorghoides",-24.625,30.875,1959-03-31,"GBIF","SANBI","SANBI","SANBI","PRECIS",2249,0
"7","Cleistachne","Cleistachne sorghoides",-18.875,32.875,1948-07-17,"GBIF","SANBI","SANBI","SANBI","PRECIS",2249,0
"8","Cleistachne","Cleistachne sorghoides",-17.875,36.875,1907-11-30,"GBIF","SANBI","SANBI","SANBI","PRECIS",2249,0
"9","Cleistachne","Cleistachne sorghoides",-17.875,35.625,1972-03-31,"GBIF","SANBI","SANBI","SANBI","PRECIS",2249,0
"10","Cleistachne","Cleistachne sorghoides",-25.875,31.875,1953-04-21,"GBIF","SANBI","SANBI","SANBI","PRECIS",2249,0
"11","Cleistachne","Cleistachne sorghoides",-1.125,31.625,2001-07-01,"GBIF","SANBI","SANBI","SANBI","PRECIS",2249,0
"12","Cleistachne","Cleistachne sorghoides",-13.125,39.125,1964-04-09,"GBIF","SANBI","SANBI","SANBI","PRECIS",2249,0
"13","Cleistachne","Cleistachne sorghoides",-6.625,36.625,1932-04-24,"GBIF","SANBI","SANBI","SANBI","PRECIS",2249,0
"14","Cleistachne","Cleistachne sorghoides",-6.31666,38.78333,1999-07-08,"MO",NA,NA,NA,NA,280,0
"15","Cleistachne","Cleistachne sorghoides",-19.314742,34.075542,1948-04-19,"GBIF","IICT","IICT","IICT","LISC",1812,0
"16","Cleistachne","Cleistachne sorghoides",-19.016475,34.472781,1942-05-05,"GBIF","IICT","IICT","IICT","LISC",1812,0
"17","Cleistachne","Cleistachne sorghoides",-25.625,30.625,1923-02-03,"GBIF","SANBI","SANBI","SANBI","PRECIS",2249,0
"18","Cleistachne","Cleistachne sorghoides",-0.375,32.875,1914-01-31,"GBIF","SANBI","SANBI","SANBI","PRECIS",2249,0
"19","Cleistachne","Cleistachne sorghoides",-10.625,35.625,1956-04-29,"GBIF","SANBI","SANBI","SANBI","PRECIS",2249,0
"20","Cleistachne","Cleistachne sorghoides",-17.625,31.125,1964-03-10,"GBIF","SANBI","SANBI","SANBI","PRECIS",2249,0
"21","Cleistachne","Cleistachne sorghoides",-18.875,32.875,1926-03-31,"GBIF","SANBI","SANBI","SANBI","PRECIS",2249,0
"22","Cleistachne","Cleistachne sorghoides",-19.538513,33.100566,1948-04-07,"GBIF","IICT","IICT","IICT","LISC",1812,0
"23","Cleistachne","Cleistachne sorghoides",-13.875,35.375,1933-03-31,"GBIF","SANBI","SANBI","SANBI","PRECIS",2249,0
"24","Cleistachne","Cleistachne sorghoides",-0.375,32.625,1989-03-18,"GBIF","SANBI","SANBI","SANBI","PRECIS",2249,0
"25","Cleistachne","Cleistachne sorghoides",-19.269166,34.212776,1948-04-22,"GBIF","IICT","IICT","IICT","LISC",1812,0
"26","Cleistachne","Cleistachne sorghoides",-18.875,32.625,1969-04-20,"GBIF","SANBI","SANBI","SANBI","PRECIS",2249,0
"27","Cleistachne","Cleistachne sorghoides",-16.375,31.625,1965-04-03,"GBIF","SANBI","SANBI","SANBI","PRECIS",2249,0
"28","Cleistachne","Cleistachne sorghoides",-0.375,32.625,1990-11-01,"GBIF","SANBI","SANBI","SANBI","PRECIS",2249,0
"29","Cleistachne","Cleistachne sorghoides",-16.125,33.875,1964-03-12,"GBIF","SANBI","SANBI","SANBI","PRECIS",2249,0
"30","Cleistachne","Cleistachne sorghoides",0.38333,32.6,1988-08-26,"MO","MO","MO","MO",NA,280,0
"31","Cleistachne","Cleistachne sorghoides",-25.375,30.875,1948-03-29,"GBIF","SANBI","SANBI","SANBI","PRECIS",2249,0
"32","Cleistachne","Cleistachne sorghoides",-4.06666,29.78333,1980-03-06,"MO","MO","MO","MO",NA,280,0
"33","Cleistachne","Cleistachne sorghoides",-18.875,32.625,1947-04-17,"GBIF","SANBI","SANBI","SANBI","PRECIS",2249,0
"34","Cleistachne","Cleistachne sorghoides",-18.625,32.625,1958-04-17,"GBIF","SANBI","SANBI","SANBI","PRECIS",2249,0
"35","Cleistachne","Cleistachne sorghoides",-4.625,38.375,1961-08-10,"GBIF","SANBI","SANBI","SANBI","PRECIS",2249,0
"36","Cleistachne","Cleistachne sorghoides",-8.375,36.375,1999-05-17,"GBIF","SANBI","SANBI","SANBI","PRECIS",2249,0
"37","Cleistachne","Cleistachne sorghoides",-15.119722,39.264721,1936-04-14,"GBIF","IICT","IICT","IICT","LISC",1812,0
"38","Cleistachne","Cleistachne sorghoides",-17.4341,35.2157,1943-04-04,"GBIF","IICT","IICT","IICT","LISC",1812,0
"39","Cleistachne","Cleistachne sorghoides",-25.625,30.625,1952-03-31,"GBIF","SANBI","SANBI","SANBI","PRECIS",2249,0
"40","Cleistachne","Cleistachne sorghoides",-15.375,35.375,1934-03-31,"GBIF","SANBI","SANBI","SANBI","PRECIS",2249,0
"41","Cleistachne","Cleistachne sorghoides",-19.125,33.375,1952-04-06,"GBIF","SANBI","SANBI","SANBI","PRECIS",2249,0
"42","Cleistachne","Cleistachne sorghoides",-5.125,38.625,1928-10-19,"GBIF","SANBI","SANBI","SANBI","PRECIS",2249,0
"43","Cleistachne","Cleistachne sorghoides",-24.625,30.875,1953-04-23,"GBIF","SANBI","SANBI","SANBI","PRECIS",2249,0
"44","Cleistachne","Cleistachne sorghoides",-15.119722,39.264721,1937-04-19,"GBIF","IICT","IICT","IICT","LISC",1812,0
"45","Cleistachne","Cleistachne sorghoides",-8.55972,36.49277,1999-05-29,"MO",NA,NA,NA,NA,280,0
"46","Cleistachne","Cleistachne sorghoides",-0.375,32.625,1989-03-18,"GBIF","SANBI","SANBI","SANBI","PRECIS",2249,0
"47","Cleistachne","Cleistachne sorghoides",-19.875,32.875,1971-02-28,"GBIF","SANBI","SANBI","SANBI","PRECIS",2249,0
"48","Cleistachne","Cleistachne sorghoides",-19.006551,34.868726,1942-04-29,"GBIF","IICT","IICT","IICT","LISC",1812,0
"49","Cleistachne","Cleistachne sorghoides",-16.024167,37.206111,1942-04-02,"GBIF","IICT","IICT","IICT","LISC",1812,0
"50","Cleistachne","Cleistachne sorghoides",-16.024167,37.206111,1942-04-02,"GBIF","IICT","IICT","IICT","LISC",1812,0
"51","Cleistachne","Cleistachne sorghoides",-16.875,36.875,NA,"GBIF","SANBI","SANBI","SANBI","PRECIS",2249,0
"52","Cleistachne","Cleistachne sorghoides",-13.875,33.875,1944-03-31,"GBIF","SANBI","SANBI","SANBI","PRECIS",2249,0
"53","Cleistachne","Cleistachne sorghoides",-0.875,29.875,1938-08-14,"GBIF","SANBI","SANBI","SANBI","PRECIS",2249,0
"54","Cleistachne","Cleistachne sorghoides",0.36666,32.58333,1990-11-01,"MO","MO","MO","MO",NA,280,0
"55","Cleistachne","Cleistachne sorghoides",-18.945001,33.151108,1948-03-24,"GBIF","IICT","IICT","IICT","LISC",1812,0
"56","Cleistachne","Cleistachne sorghoides",-8.45111,36.46611,1999-05-17,"MO",NA,NA,NA,NA,280,0
"57","Cleistachne","Cleistachne sorghoides",-17.625,30.875,1931-03-31,"GBIF","SANBI","SANBI","SANBI","PRECIS",2249,0
"58","Cleistachne","Cleistachne sorghoides",-19.016475,34.472781,1942-05-05,"GBIF","IICT","IICT","IICT","LISC",1812,0
"59","Cleistachne","Cleistachne sorghoides",-15.125,39.125,1946-04-26,"GBIF","SANBI","SANBI","SANBI","PRECIS",2249,0
"60","Cleistachne","Cleistachne sorghoides",-25.625,30.625,1923-02-03,"GBIF","SANBI","SANBI","SANBI","PRECIS",2249,0
"61","Cleistachne","Cleistachne sorghoides",-6.875,37.625,1979-05-13,"GBIF","SANBI","SANBI","SANBI","PRECIS",2249,0
"62","Cleistachne","Cleistachne sorghoides",-17.375,25.125,1962-03-26,"GBIF","SANBI","SANBI","SANBI","PRECIS",2249,0
"63","Cleistachne","Cleistachne sorghoides",-8.625,36.625,1932-04-05,"GBIF","SANBI","SANBI","SANBI","PRECIS",2249,0
"64","Cleistachne","Cleistachne sorghoides",-14.875,37.125,1962-04-09,"GBIF","SANBI","SANBI","SANBI","PRECIS",2249,0
"65","Cleistachne","Cleistachne sorghoides",-17.326944,35.584168,1943-04-27,"GBIF","IICT","IICT","IICT","LISC",1812,0
"66","Cleistachne","Cleistachne sorghoides",-18.945001,33.151108,1948-03-24,"GBIF","IICT","IICT","IICT","LISC",1812,0
"67","Cleistachne","Cleistachne sorghoides",0.11666,32.41666,2003-02-18,"MO",NA,NA,NA,NA,280,0
"68","Cleistachne","Cleistachne sorghoides",-13.875,35.375,1933-03-31,"GBIF","SANBI","SANBI","SANBI","PRECIS",2249,0
