,scrubbed_genus,scrubbed_species_binomial,latitude,longitude,date_collected,datasource,dataset,dataowner,custodial_institution_codes,collection_code,datasource_id,is_new_world
1,Diectomis,Diectomis fastigiata,11.05,-1.417,NA,GBIF,Centre National de la Recherche Scientifique et Technologique / Institut de l'environnement et de recherches agricoles,Centre National de la Recherche Scientifique et Technologique / Institut de l'environnement et de recherches agricoles,Centre National de la Recherche Scientifique et Technologique / Institut de l'environnement et de recherches agricoles,Herbier CNRST/INERA,1895,0
2,Diectomis,Diectomis fastigiata,6.68333,-67.56666,2/25/79,MO,NA,NA,NA,NA,280,1
3,Diectomis,Diectomis fasciculata,-18.40604,32.145428,2/12/74,MO,NA,NA,NA,NA,280,0
4,Diectomis,Diectomis fastigiata,11.15,-2.05,NA,GBIF,Centre National de la Recherche Scientifique et Technologique / Institut de l'environnement et de recherches agricoles,Centre National de la Recherche Scientifique et Technologique / Institut de l'environnement et de recherches agricoles,Centre National de la Recherche Scientifique et Technologique / Institut de l'environnement et de recherches agricoles,Herbier CNRST/INERA,1895,0
5,Diectomis,Diectomis fastigiata,-3.85,142.2667,8/17/66,GBIF,CANB,CANB,CANB,CANB,3664,0
6,Diectomis,Diectomis fastigiata,11.7333,-2.9167,9/21/73,GBIF,CANB,CANB,CANB,CANB,3664,0
7,Diectomis,Diectomis fastigiata,11.05,-1.417,NA,GBIF,Centre National de la Recherche Scientifique et Technologique / Institut de l'environnement et de recherches agricoles,Centre National de la Recherche Scientifique et Technologique / Institut de l'environnement et de recherches agricoles,Centre National de la Recherche Scientifique et Technologique / Institut de l'environnement et de recherches agricoles,Herbier CNRST/INERA,1895,0
8,Diectomis,Diectomis fastigiata,15.65,120.4,11/1/24,GBIF,MEL,MEL,MEL,MEL,3283,0
9,Diectomis,Diectomis fastigiata,2.83333,-59.4167,8/19/95,GBIF,USF,USF,USF,Herb,3734,1
10,Diectomis,Diectomis fastigiata,12.87138,-7.560182,10/7/67,GBIF,Moscow State University,Moscow State University,Moscow State University,MW,1637,0
11,Diectomis,Diectomis fastigiata,12.367,-1.417,NA,GBIF,Centre National de la Recherche Scientifique et Technologique / Institut de l'environnement et de recherches agricoles,Centre National de la Recherche Scientifique et Technologique / Institut de l'environnement et de recherches agricoles,Centre National de la Recherche Scientifique et Technologique / Institut de l'environnement et de recherches agricoles,Herbier CNRST/INERA,1895,0
12,Diectomis,Diectomis fastigiata,12.717,-2.267,NA,GBIF,Centre National de la Recherche Scientifique et Technologique / Institut de l'environnement et de recherches agricoles,Centre National de la Recherche Scientifique et Technologique / Institut de l'environnement et de recherches agricoles,Centre National de la Recherche Scientifique et Technologique / Institut de l'environnement et de recherches agricoles,Herbier CNRST/INERA,1895,0