"","scrubbed_genus","scrubbed_species_binomial","latitude","longitude","date_collected","datasource","dataset","dataowner","custodial_institution_codes","collection_code","datasource_id","is_new_world"
"1","Euclasta","Euclasta condylotricha",7.433333,1.416667,NA,"GBIF","Herbarium togoense","Herbarium togoense","Herbarium togoense","TOGO",2675,0
"2","Euclasta","Euclasta condylotricha",6.426111,1.213333,NA,"GBIF","Herbarium togoense","Herbarium togoense","Herbarium togoense","TOGO",2675,0
"3","Euclasta","Euclasta condylotricha",-14.375,35.375,1950-05-08,"GBIF","SANBI","SANBI","SANBI","PRECIS",2249,0
"4","Euclasta","Euclasta condylotricha",11.23333,-1.96667,1973-11-02,"GBIF","MNHN","MNHN","MNHN","P",3541,0
"5","Euclasta","Euclasta condylotricha",10.94583,-85.65333,1968-10-23,"MO","MO","MO","MO",NA,280,1
"6","Euclasta","Euclasta condylotricha",10.42,-2.28,1956-10-09,"GBIF","LEGON-GC","LEGON-GC","LEGON-GC","GC1",2355,0
"7","Euclasta","Euclasta condylotricha",-7.375,36.875,1973-07-11,"GBIF","SANBI","SANBI","SANBI","PRECIS",2249,0
"8","Euclasta","Euclasta condylotricha",10.911918,-85.720083,1968-10-23,"GBIF","INBio","INBio","INBio","Plantae",2454,1
"9","Euclasta","Euclasta condylotricha",8.55,13.916667,1979-11-08,"GBIF","EFG","EFG","EFG","HEFG",2357,0
"10","Euclasta","Euclasta condylotricha",-15.9,46.583333,1958-05-01,"GBIF","TAN","TAN","TAN","Poaceae",3341,0
"11","Euclasta","Euclasta condylotricha",6.21667,-5.01667,1971-11-03,"GBIF","G","G","G","Geneva Herbarium – General Collection (G)",3547,0
"12","Euclasta","Euclasta condylotricha",11.7,-5.66667,1965-10-10,"GBIF","MNHN","MNHN","MNHN","P",3541,0
"13","Euclasta","Euclasta condylotricha",8.55,13.916667,1979-11-07,"GBIF","EFG","EFG","EFG","HEFG",2357,0
"14","Euclasta","Euclasta condylotricha",11.96666,-86.1,1911-11-06,"MO","MICH","MICH","MICH",NA,280,1
"15","Euclasta","Euclasta clarkei",17.133333,54.05,1991-10-07,"GBIF","E","E","E","E",3550,0
"16","Euclasta","Euclasta condylotricha",-15.75,47.033333,1967-04-01,"GBIF","TAN","TAN","TAN","Poaceae",3341,0
"17","Euclasta","Euclasta condylotricha",12.15,1.8,1990-10-14,"GBIF","FR","FR","FR","Herbarium Senckenbergianum",3497,0
"18","Euclasta","Euclasta condylotricha",8.48,-2.19,1958-10-18,"GBIF","LEGON-GC","LEGON-GC","LEGON-GC","GC1",2355,0
"19","Euclasta","Euclasta condylotricha",-16.25,46.916667,1967-04-01,"GBIF","TAN","TAN","TAN","Poaceae",3341,0
"20","Euclasta","Euclasta condylotricha",7,0.75,NA,"GBIF","Herbarium togoense","Herbarium togoense","Herbarium togoense","TOGO",2675,0
"21","Euclasta","Euclasta condylotricha",9.401389,13.418056,1981-10-20,"GBIF","EFG","EFG","EFG","HEFG",2357,0
"22","Euclasta","Euclasta condylotricha",10.25,14.233333,1986-09-30,"GBIF","EFG","EFG","EFG","HEFG",2357,0
"23","Euclasta","Euclasta condylotricha",9.35,-5.11,1958-11-18,"GBIF","LEGON-GC","LEGON-GC","LEGON-GC","GC1",2355,0
"24","Euclasta","Euclasta condylotricha",13.83167,30.05,1865-10-03,"GBIF","G","G","G","Geneva Herbarium – General Collection (G)",3547,0
"25","Euclasta","Euclasta condylotricha",8.8,13.183333,1975-11-12,"GBIF","EFG","EFG","EFG","HEFG",2357,0
"26","Euclasta","Euclasta condylotricha",12.281183,0.234833,2002-10-07,"GBIF","FR","FR","FR","Herbarium Senckenbergianum",3497,0
"27","Euclasta","Euclasta condylotricha",14.025,-86.33555,1951-11-01,"MO","MO","MO","MO",NA,280,1
"28","Euclasta","Euclasta condylotricha",11.183,-0.983,1997-10-23,"GBIF","AAU","AAU","AAU","Herbarium",3298,0
"29","Euclasta","Euclasta condylotricha",11.75,-2.933,NA,"GBIF","Centre National de la Recherche Scientifique et Technologique / Institut de l'environnement et de recherches agricoles","Centre National de la Recherche Scientifique et Technologique / Institut de l'environnement et de recherches agricoles","Centre National de la Recherche Scientifique et Technologique / Institut de l'environnement et de recherches agricoles","Herbier CNRST/INERA",1895,0
"30","Euclasta","Euclasta condylotricha",12.066667,0.35,1989-10-13,"GBIF","FR","FR","FR","Herbarium Senckenbergianum",3497,0
"31","Euclasta","Euclasta condylotricha",12.88333,-7.55,1899-10-01,"GBIF","MNHN","MNHN","MNHN","P",3541,0
"32","Euclasta","Euclasta condylotricha",10.03,-2.29,1963-10-17,"GBIF","LEGON-GC","LEGON-GC","LEGON-GC","GC1",2355,0
"33","Euclasta","Euclasta condylotricha",8.08722,-80.94194,1967-07-14,"MO",NA,NA,NA,NA,280,1
"34","Euclasta","Euclasta condylotricha",6.36,0.28,1925-12-26,"GBIF","LEGON-GC","LEGON-GC","LEGON-GC","GC1",2355,0
"35","Euclasta","Euclasta condylotricha",10.39,-2.52,1963-10-15,"GBIF","LEGON-GC","LEGON-GC","LEGON-GC","GC1",2355,0
"36","Euclasta","Euclasta condylotricha",12.4,-1.483,1997-10-22,"GBIF","AAU","AAU","AAU","Herbarium",3298,0
"37","Euclasta","Euclasta condylotricha",9.875,0.125,1957-10-01,"GBIF","SANBI","SANBI","SANBI","PRECIS",2249,0
"38","Euclasta","Euclasta condylotricha",-6.875,37.125,1968-05-25,"GBIF","SANBI","SANBI","SANBI","PRECIS",2249,0
"39","Euclasta","Euclasta condylotricha",10.316667,1.366667,1999-10-11,"GBIF","FR","FR","FR","Herbarium Senckenbergianum",3497,0
"40","Euclasta","Euclasta condylotricha",7.46,-0.03,1956-12-16,"GBIF","LEGON-GC","LEGON-GC","LEGON-GC","GC1",2355,0
"41","Euclasta","Euclasta condylotricha",12.367,-1.417,NA,"GBIF","Centre National de la Recherche Scientifique et Technologique / Institut de l'environnement et de recherches agricoles","Centre National de la Recherche Scientifique et Technologique / Institut de l'environnement et de recherches agricoles","Centre National de la Recherche Scientifique et Technologique / Institut de l'environnement et de recherches agricoles","Herbier CNRST/INERA",1895,0
"42","Euclasta","Euclasta clarkei",23.96139,86.13417,1883-10-10,"GBIF","W","W","W","Herbarium W",3736,0
"43","Euclasta","Euclasta condylotricha",12.4,-1.48,1969-10-10,"GBIF","K","K","K","Herbarium",3716,0
"44","Euclasta","Euclasta condylotricha",7.2,-2.2,1954-12-18,"GBIF","LEGON-GC","LEGON-GC","LEGON-GC","GC1",2355,0
"45","Euclasta","Euclasta condylotricha",-15.75,47.033333,1974-04-01,"GBIF","TAN","TAN","TAN","Poaceae",3341,0
"46","Euclasta","Euclasta condylotricha",12.383,-12.316,1995-10-20,"GBIF","AAU","AAU","AAU","Herbarium",3298,0
"47","Euclasta","Euclasta condylotricha",11.97782,-2.03344,2007-09-30,"GBIF","FR","FR","FR","Herbarium Senckenbergianum",3497,0
"48","Euclasta","Euclasta condylotricha",11.7,-5.66667,1965-10-10,"GBIF","MNHN","MNHN","MNHN","P",3541,0
"49","Euclasta","Euclasta condylotricha",6.08,0.04,1955-12-06,"GBIF","LEGON-GC","LEGON-GC","LEGON-GC","GC1",2355,0
"50","Euclasta","Euclasta condylotricha",12.066667,0.35,1993-09-20,"GBIF","FR","FR","FR","Herbarium Senckenbergianum",3497,0
"51","Euclasta","Euclasta condylotricha",8.96666,-68.23333,1986-12-01,"MO","MO","MO","MO",NA,280,1
"52","Euclasta","Euclasta condylotricha",9.066944,13.468611,1987-11-03,"GBIF","EFG","EFG","EFG","HEFG",2357,0
"53","Euclasta","Euclasta condylotricha",-13.875,34.375,1952-04-08,"GBIF","SANBI","SANBI","SANBI","PRECIS",2249,0
"54","Euclasta","Euclasta condylotricha",7.535,1.987,NA,"GBIF","HNB","HNB","HNB","ABC",1556,0
"55","Euclasta","Euclasta condylotricha",12.88,-7.55,1999-10-06,"GBIF","K","K","K","Herbarium",3716,0
"56","Euclasta","Euclasta condylotricha",9.01,-1.09,1960-10-02,"GBIF","LEGON-GC","LEGON-GC","LEGON-GC","GC1",2355,0
"57","Euclasta","Euclasta condylotricha",8.55,13.916667,1979-11-20,"GBIF","EFG","EFG","EFG","HEFG",2357,0
"58","Euclasta","Euclasta condylotricha",12.366,-12.316,1994-10-26,"GBIF","AAU","AAU","AAU","Herbarium",3298,0
"59","Euclasta","Euclasta condylotricha",11.116,-0.966,1997-10-15,"GBIF","AAU","AAU","AAU","Herbarium",3298,0
"60","Euclasta","Euclasta condylotricha",8.05,0.783333,NA,"GBIF","Herbarium togoense","Herbarium togoense","Herbarium togoense","TOGO",2675,0
"61","Euclasta","Euclasta condylotricha",10.32,-0.26,1954-09-02,"GBIF","LEGON-GC","LEGON-GC","LEGON-GC","GC1",2355,0
"62","Euclasta","Euclasta condylotricha",-15.75,47.033333,1967-04-01,"GBIF","TAN","TAN","TAN","Poaceae",3341,0
"63","Euclasta","Euclasta condylotricha",12.88333,-7.55,1899-10-01,"GBIF","MNHN","MNHN","MNHN","P",3541,0
"64","Euclasta","Euclasta condylotricha",-8.375,31.875,1959-03-23,"GBIF","SANBI","SANBI","SANBI","PRECIS",2249,0
"65","Euclasta","Euclasta condylotricha",6.65,37.18333,1984-10-23,"MO","MO","MO","MO",NA,280,0
"66","Euclasta","Euclasta condylotricha",10.5,-1.24,1963-10-11,"GBIF","LEGON-GC","LEGON-GC","LEGON-GC","GC1",2355,0
"67","Euclasta","Euclasta condylotricha",12.96667,36.2,1865-01-01,"GBIF","W","W","W","Herbarium W",3736,0
"68","Euclasta","Euclasta condylotricha",8.55,13.916667,1976-10-23,"GBIF","EFG","EFG","EFG","HEFG",2357,0
"69","Euclasta","Euclasta condylotricha",11.795278,0.203611,2000-10-23,"GBIF","FR","FR","FR","Herbarium Senckenbergianum",3497,0
"70","Euclasta","Euclasta condylotricha",12.88333,-7.55,1899-10-01,"GBIF","MNHN","MNHN","MNHN","P",3541,0
"71","Euclasta","Euclasta condylotricha",8.875,-2.375,1958-10-18,"GBIF","SANBI","SANBI","SANBI","PRECIS",2249,0
"72","Euclasta","Euclasta condylotricha",11.23333,-1.96667,1973-11-02,"GBIF","MNHN","MNHN","MNHN","P",3541,0
"73","Euclasta","Euclasta condylotricha",6.426111,1.213333,NA,"GBIF","Herbarium togoense","Herbarium togoense","Herbarium togoense","TOGO",2675,0
"74","Euclasta","Euclasta condylotricha",-7.375,37.125,1973-06-14,"GBIF","SANBI","SANBI","SANBI","PRECIS",2249,0
"75","Euclasta","Euclasta condylotricha",12.88333,-7.55,1899-10-01,"GBIF","MNHN","MNHN","MNHN","P",3541,0
"76","Euclasta","Euclasta condylotricha",6.4,0.21,1956-12-15,"GBIF","LEGON-GC","LEGON-GC","LEGON-GC","GC1",2355,0
"77","Euclasta","Euclasta condylotricha",11.866667,1.7,1990-10-02,"GBIF","FR","FR","FR","Herbarium Senckenbergianum",3497,0
"78","Euclasta","Euclasta condylotricha",10.875,-1.375,1956-10-08,"GBIF","SANBI","SANBI","SANBI","PRECIS",2249,0
"79","Euclasta","Euclasta condylotricha",8.133333,13.85,1974-10-03,"GBIF","EFG","EFG","EFG","HEFG",2357,0
"80","Euclasta","Euclasta condylotricha",-7.625,34.625,1972-05-04,"GBIF","SANBI","SANBI","SANBI","PRECIS",2249,0
"81","Euclasta","Euclasta condylotricha",10.625,-2.375,1956-10-09,"GBIF","SANBI","SANBI","SANBI","PRECIS",2249,0
"82","Euclasta","Euclasta condylotricha",3.625,16.125,1965-12-07,"GBIF","SANBI","SANBI","SANBI","PRECIS",2249,0
"83","Euclasta","Euclasta condylotricha",-15.9,46.583333,1958-05-01,"GBIF","TAN","TAN","TAN","Poaceae",3341,0
"84","Euclasta","Euclasta condylotricha",-15.75,47.033333,1974-04-01,"GBIF","TAN","TAN","TAN","Poaceae",3341,0
"85","Euclasta","Euclasta condylotricha",-16.25,46.916667,1967-04-01,"GBIF","TAN","TAN","TAN","Poaceae",3341,0
"86","Euclasta","Euclasta condylotricha",12.15,1.8,1991-09-11,"GBIF","FR","FR","FR","Herbarium Senckenbergianum",3497,0
"87","Euclasta","Euclasta condylotricha",9.433333,13.433333,1982-10-06,"GBIF","EFG","EFG","EFG","HEFG",2357,0
"88","Euclasta","Euclasta condylotricha",10.745556,-4.141111,1992-10-06,"GBIF","FR","FR","FR","Herbarium Senckenbergianum",3497,0
"89","Euclasta","Euclasta condylotricha",12.20306,-2.18028,2008-10-16,"GBIF","MNHN","MNHN","MNHN","P",3541,0
"90","Euclasta","Euclasta condylotricha",6.125,0.125,1955-12-06,"GBIF","SANBI","SANBI","SANBI","PRECIS",2249,0
"91","Euclasta","Euclasta condylotricha",10.766,-5.15,1997-10-28,"GBIF","AAU","AAU","AAU","Herbarium",3298,0
"92","Euclasta","Euclasta condylotricha",12.96667,36.2,1865-10-03,"GBIF","W","W","W","Herbarium W",3736,0
"93","Euclasta","Euclasta condylotricha",11.65086,-2.39121,2007-10-05,"GBIF","FR","FR","FR","Herbarium Senckenbergianum",3497,0
"94","Euclasta","Euclasta condylotricha",10.59,-1.19,NA,"GBIF","LEGON-GC","LEGON-GC","LEGON-GC","GC1",2355,0
"95","Euclasta","Euclasta condylotricha",11.166,-1.166,2000-10-25,"GBIF","AAU","AAU","AAU","Herbarium",3298,0
"96","Euclasta","Euclasta condylotricha",7.461,-2.062,1995-11-02,"GBIF","LEGON-GC","LEGON-GC","LEGON-GC","GC1",2355,0
"97","Euclasta","Euclasta condylotricha",8.55,13.916667,1979-11-07,"GBIF","EFG","EFG","EFG","HEFG",2357,0
