"","scrubbed_genus","scrubbed_species_binomial","latitude","longitude","date_collected","datasource","dataset","dataowner","custodial_institution_codes","collection_code","datasource_id","is_new_world"
"1","Gilgiochloa","Gilgiochloa indurata",-4.95,33,2006-05-12,"GBIF","K","K","K","Herbarium",3716,0
"2","Gilgiochloa","Gilgiochloa indurata",-4.90638,35.19694,2001-12-16,"MO",NA,NA,NA,NA,280,0
"3","Gilgiochloa","Gilgiochloa indurata",-4.83944,35.22472,2001-06-23,"MO",NA,NA,NA,NA,280,0
"4","Gilgiochloa","Gilgiochloa indurata",-8.625,29.625,1961-04-15,"GBIF","SANBI","SANBI","SANBI","PRECIS",2249,0
"5","Gilgiochloa","Gilgiochloa indurata",-4.90444,35.15888,2001-06-29,"MO",NA,NA,NA,NA,280,0
"6","Gilgiochloa","Gilgiochloa indurata",-4.74722,34.9625,2001-03-25,"MO",NA,NA,NA,NA,280,0
"7","Gilgiochloa","Gilgiochloa indurata",-4.94611,35.14333,2001-06-30,"MO",NA,NA,NA,NA,280,0
"8","Gilgiochloa","Gilgiochloa indurata",-5.125,34.875,2001-04-29,"GBIF","SANBI","SANBI","SANBI","PRECIS",2249,0
"9","Gilgiochloa","Gilgiochloa indurata",-4.625,34.875,2001-03-25,"GBIF","SANBI","SANBI","SANBI","PRECIS",2249,0
