,higher_plant_group,class,superorder,order,scrubbed_family,scrubbed_genus,scrubbed_species_binomial,scrubbed_author,scrubbed_taxonomic_status
1,flowering plants,Equisetopsida,Lilianae,Poales,Poaceae,Glyphochloa,Glyphochloa acuminata,(Bor) Clayton,Accepted
2,flowering plants,Equisetopsida,Lilianae,Poales,Poaceae,Glyphochloa,Glyphochloa acuminata,(Hack.) Clayton,Accepted
3,flowering plants,Equisetopsida,Lilianae,Poales,Poaceae,Glyphochloa,Glyphochloa acuminata,(Hook. f.) Clayton,Accepted
4,flowering plants,Equisetopsida,Lilianae,Poales,Poaceae,Glyphochloa,Glyphochloa divergens,(C.E.C. Fisch.) Clayton,Accepted
5,flowering plants,Equisetopsida,Lilianae,Poales,Poaceae,Glyphochloa,Glyphochloa divergens,(Hack.) Clayton,Accepted
6,flowering plants,Equisetopsida,Lilianae,Poales,Poaceae,Glyphochloa,Glyphochloa forficulata,(C.E.C. Fisch.) Clayton,Accepted
7,flowering plants,Equisetopsida,Lilianae,Poales,Poaceae,Glyphochloa,Glyphochloa goaensis,(Rao & Hemadri) Clayton,Accepted
8,flowering plants,Equisetopsida,Lilianae,Poales,Poaceae,Glyphochloa,Glyphochloa mysorensis,(Jain & Hemadri) Clayton,Accepted
9,flowering plants,Equisetopsida,Lilianae,Poales,Poaceae,Glyphochloa,Glyphochloa ratnagirica,(B.G.Kulk. & Hemadri) Clayton,Accepted
10,flowering plants,Equisetopsida,Lilianae,Poales,Poaceae,Glyphochloa,Glyphochloa ratnagirica,(Kulk. & Hemadri) Clayton,Accepted
11,flowering plants,Equisetopsida,Lilianae,Poales,Poaceae,Glyphochloa,Glyphochloa santapaui,(Jain & Desh.) Clayton,Accepted
12,flowering plants,Equisetopsida,Lilianae,Poales,Poaceae,Glyphochloa,Glyphochloa talbotii,(Hook. f.) Clayton,Accepted