﻿lat,long,taxa
10.1025,1.503333,Anadelphia liebigiana
10.4,1.5,Anadelphia liebigiana
10.316667,1.366667,Anadelphia liebigiana
-3.9833333,-79.2333333,Andropogon aequatoriensis
-4.38333,-79.16666,Andropogon aequatoriensis
-4.38333,-79.16666,Andropogon aequatoriensis
-4.08333,-79.16666,Andropogon aequatoriensis
-4.38333,-79.16666,Andropogon aequatoriensis
-3.933,-78.85,Andropogon aequatoriensis
-4.083,-79.166,Andropogon aequatoriensis
-4.383,-79.166,Andropogon aequatoriensis
-2.91666,-78.71666,Andropogon aequatoriensis
-2.78333,-78.63333,Andropogon aequatoriensis
-4.383,-79.166,Andropogon aequatoriensis
-2.916,-78.716,Andropogon aequatoriensis
-2.783,-78.633,Andropogon aequatoriensis
-3.96666,-79.1,Andropogon aequatoriensis
-4.383,-79.166,Andropogon aequatoriensis
-3.93333,-78.85,Andropogon aequatoriensis
-3.983,-79.233,Andropogon aequatoriensis
-4.06666,-79.2,Andropogon aequatoriensis
-3.75,-79.25,Andropogon aequatoriensis
-4.066,-79.2,Andropogon aequatoriensis
-4.033,-79.183,Andropogon aequatoriensis
-3.966,-79.1,Andropogon aequatoriensis
3.94944,10.00444,Andropogon auriculatus
-1.992778,9.3675,Andropogon auriculatus
2.5,10.25,Andropogon auriculatus
17.33,-95.75,Andropogon bourgaei
17.755561,-96.313889,Andropogon bourgaei
17.3333,-95.75,Andropogon bourgaei
16.55,-88.775,Andropogon bourgaei
-20.109444,-43.458333,Andropogon brasiliensis
-18.866667,-43.233333,Andropogon brasiliensis
-20.109444,-43.458333,Andropogon brasiliensis
-18.87,-43.23,Andropogon brasiliensis
6.3333,-63.5,Andropogon crassus
6.01778,-63.85611,Andropogon crassus
5.24094,-62.1121,Andropogon crassus
6.3333,-63.5,Andropogon crassus
5.24094,-62.1121,Andropogon crassus
-3.166667,35.35,Andropogon lima
-3.266667,35.433333,Andropogon lima
-9.16261,33.8922,Andropogon lima
10.38,-0.11,Andropogon pteropholis
11.25,0.75,Andropogon pteropholis
11.57035,1.456383,Andropogon pteropholis
10.55,-0.35,Andropogon pteropholis
10.833333,0.183333,Andropogon pteropholis
11.25,0.75,Andropogon pteropholis
10.28,-0.32,Andropogon pteropholis
15.22,105.18,Andropogon tenuifolius
16.88,101.88,Andropogon tenuifolius
15.216,105.183,Andropogon tenuifolius
16.22224,44.00317,Andropogon crossotos
14.36667,44.4333,Andropogon crossotos
16.22379,43.96516,Andropogon crossotos
-18.916667,47.516667,Andropogon imerinensis
-19.85,47.033333,Andropogon imerinensis
-18.916667,47.516667,Andropogon imerinensis
-18.8,47.483333,Andropogon imerinensis
-18.933333,47.266667,Andropogon imerinensis
-19.016667,47.183333,Andropogon imerinensis
-19.3,47.833333,Andropogon imerinensis
-19.866667,46.966667,Arthraxon antsirabensis
-13.33333,48.26667,Arthraxon antsirabensis
-19.85,47.033333,Arthraxon antsirabensis
-19.866667,46.966667,Arthraxon antsirabensis
-19.85,47.033333,Arthraxon antsirabensis
16.649445,52.960835,Arthraxon junnarensis
17.05,53.9,Arthraxon junnarensis
15.834444,51.995277,Arthraxon junnarensis
15.833333,52.011665,Arthraxon junnarensis
17.049999,53.900002,Arthraxon junnarensis
16.633333,52.950001,Arthraxon junnarensis
15.658889,52.203613,Arthraxon junnarensis
17.049999,53.900002,Arthraxon junnarensis
15.838611,52.006943,Arthraxon junnarensis
17.049999,53.900002,Arthraxon junnarensis
-27.41521097,152.0841384,Bothriochloa bunyensis
-26.884167,151.62425,Bothriochloa bunyensis
-26.8833,151.6,Bothriochloa bunyensis
-26.89021389,151.6258089,Bothriochloa bunyensis
-26.91521405,151.5841426,Bothriochloa bunyensis
-26.85326863,151.6921967,Bothriochloa bunyensis
-26.9333,151.6333,Bothriochloa bunyensis
-26.8917,151.608,Bothriochloa bunyensis
-26.7485473,151.5841417,Bothriochloa bunyensis
-26.92,151.58,Bothriochloa bunyensis
-27.55687738,151.9591411,Bothriochloa bunyensis
-27.50030002,151.95,Bothriochloa bunyensis
-26.8819565,151.6008774,Bothriochloa bunyensis
-26.87408012,151.5808044,Bothriochloa bunyensis
-26.851583,151.5505,Bothriochloa bunyensis
-26.91521405,151.5841426,Bothriochloa bunyensis
-26.49854808,151.5008084,Bothriochloa bunyensis
-26.8833,151.6,Bothriochloa bunyensis
-26.89021397,151.6091421,Bothriochloa bunyensis
-26.91521405,151.5841426,Bothriochloa bunyensis
-26.88175302,151.601052,Bothriochloa bunyensis
-26.9333,151.6333,Bothriochloa bunyensis
-26.88,151.6,Bothriochloa bunyensis
-26.87229968,151.6764531,Bothriochloa bunyensis
-26.88333302,151.6,Bothriochloa bunyensis
-27.8568754,152.292472,Bothriochloa bunyensis
-26.88333,151.6,Bothriochloa bunyensis
-3.9,-79.53,Bothriochloa campii
-3.92,-79.23,Bothriochloa campii
-3.92,-79.23,Bothriochloa campii
-3.08,-79.02,Bothriochloa campii
-3.97,-79.28,Bothriochloa campii
-3.88,-79.23,Bothriochloa campii
-3.95,-79.45,Bothriochloa campii
6.8,80.8,Chrysopogon nodulibarbis
6.85,80.83333,Chrysopogon nodulibarbis
20,77,Chrysopogon nodulibarbis
-12.88192376,142.7341679,Chrysopogon rigidus
-12.8917,142.742,Chrysopogon rigidus
-13.125,142.008,Chrysopogon rigidus
-12.7583,142.3083,Chrysopogon rigidus
-12.82362458,142.3925384,Chrysopogon rigidus
-12.75695805,142.3092052,Chrysopogon rigidus
-13.11532372,142.000876,Chrysopogon rigidus
-12.881877,142.734417,Chrysopogon rigidus
-13.11532372,142.000876,Chrysopogon rigidus
-12.825,142.392,Chrysopogon rigidus
-16.659667,143.8235,Chrysopogon rigidus
-13.1167,142,Chrysopogon rigidus
-12.89029071,142.7425348,Chrysopogon rigidus
-12.81532464,142.3841715,Chrysopogon rigidus
-13.12362366,142.0092089,Chrysopogon rigidus
-14.129722,132.086111,Clausospicula extensa
-14.12976,132.08617,Clausospicula extensa
-14.169,132.3692,Clausospicula extensa
-13.6667,132.6667,Clausospicula extensa
-14.3233,132.3861,Clausospicula extensa
-14.17009,132.38132,Clausospicula extensa
-14.15,132.08,Clausospicula extensa
-14.15,132.0833,Clausospicula extensa
-14.17009,132.38132,Clausospicula extensa
-14.098588,132.051209,Clausospicula extensa
-14.15,132.0833,Clausospicula extensa
-14.148586,132.08454,Clausospicula extensa
-14.2441,132.65,Clausospicula extensa
-14.148586,132.08454,Clausospicula extensa
-14.1,132.05,Clausospicula extensa
-14.15,132.0833,Clausospicula extensa
-14.2159,132.1748,Clausospicula extensa
-13.6667,132.6667,Clausospicula extensa
-14.14605,132.09136,Clausospicula extensa
-15.3,144.62,Coix gasteenii
-15.30523615,144.6169999,Coix gasteenii
-15.29860822,144.600852,Coix gasteenii
-15.29860822,144.600852,Coix gasteenii
-15.3,144.6,Coix gasteenii
-15.3031,144.616,Coix gasteenii
-15.3,144.6,Coix gasteenii
-15.3,144.6,Coix gasteenii
-15.2533,144.6656,Coix gasteenii
-15.3,144.6,Coix gasteenii
-15.30833301,144.625,Coix gasteenii
-15.29860822,144.600852,Coix gasteenii
-15.29851901,144.601081,Coix gasteenii
-15.3,144.6,Coix gasteenii
-15.252222,144.710278,Coix gasteenii
-15.3,144.6,Coix gasteenii
-15.29860822,144.600852,Coix gasteenii
-15.30166417,144.6169629,Coix gasteenii
-15.29250001,144.843333,Coix gasteenii
-15.3,144.6,Coix gasteenii
-15.257222,144.668889,Coix gasteenii
-15.29256947,144.8431313,Coix gasteenii
-15.30000001,144.6,Coix gasteenii
-15.30694116,144.609185,Coix gasteenii
-15.30000001,144.6,Coix gasteenii
-15.30694116,144.609185,Coix gasteenii
-15.3,144.6,Coix gasteenii
-15.3,144.6,Coix gasteenii
27.266667,91.4,Cymbopogon bhutanicus
27.233333,91.133333,Cymbopogon bhutanicus
27.266667,91.216667,Cymbopogon bhutanicus
27.35,91.566667,Cymbopogon bhutanicus
27.266667,91.383333,Cymbopogon bhutanicus
27.266667,91.383333,Cymbopogon bhutanicus
27.266667,91.383333,Cymbopogon bhutanicus
27.266667,91.4,Cymbopogon bhutanicus
27.266667,91.383333,Cymbopogon bhutanicus
6.95222,80.62722,Dimeria ballardii
6.8,80.8,Dimeria ballardii
7,80.766667,Dimeria ballardii
10.256111,-4.910278,Elionurus euchaetus
11.2,-4.3,Elionurus euchaetus
10.15,-4.4,Elionurus euchaetus
10.15,-4.4,Elionurus euchaetus
15.266,105.483,Eremochloa eriopoda
15.166,105.45,Eremochloa eriopoda
15.17,105.45,Eremochloa eriopoda
15.2,105.45,Eremochloa eriopoda
15.316,105.466,Eremochloa eriopoda
15.166,105.45,Eremochloa eriopoda
15.316,105.466,Eremochloa eriopoda
15.32,105.47,Eremochloa eriopoda
28.211111,85.483889,Eulalia mollis
30.424225,78.250251,Eulalia mollis
30.411189,78.285098,Eulalia mollis
27.745833,86.712222,Eulalia mollis
30.470951,78.047337,Eulalia mollis
18.883,98.866,Hackelochloa porifera
21.475834,101.56752,Hackelochloa porifera
18.883,98.866,Hackelochloa porifera
22.983563,103.687613,Hackelochloa porifera
21.475834,101.56752,Hackelochloa porifera
21.475834,101.56752,Hackelochloa porifera
21.475834,101.56752,Hackelochloa porifera
-12.625,28.375,Homozeugos eylesii
-11.875,33.625,Homozeugos eylesii
-11.625,34.375,Homozeugos eylesii
-11.875,33.625,Homozeugos eylesii
9.016667,13.183333,Hyparrhenia violascens
9.3,13.4,Hyparrhenia violascens
9.016667,13.183333,Hyparrhenia violascens
9.25,13.8,Hyparrhenia violascens
9.016667,13.183333,Hyparrhenia violascens
-14.875,13.375,Homozeugos huillense
-15.125,13.375,Homozeugos huillense
-12.295286,17.544676,Homozeugos huillense
-29.268398,-177.928578,Imperata cheesemanii
-29.25,-177.916667,Imperata cheesemanii
-29.26667,-177.91667,Imperata cheesemanii
-29.25,-177.916667,Imperata cheesemanii
-29.25,-177.916667,Imperata cheesemanii
-29.266667,-177.916667,Imperata cheesemanii
-29.266667,-177.916667,Imperata cheesemanii
-29.25,-177.916667,Imperata cheesemanii
-29.25,-177.916667,Imperata cheesemanii
-29.266667,-177.916667,Imperata cheesemanii
-29.268389,-177.928583,Imperata cheesemanii
-29.25,-177.916667,Imperata cheesemanii
18.516726,110.029085,Imperata flavida
18.516726,110.029085,Imperata flavida
18.516726,110.029085,Imperata flavida
19.254108,110.45517,Imperata flavida
19.254108,110.45517,Imperata flavida
18.252625,109.511923,Imperata flavida
18.252625,109.511923,Imperata flavida
18.252625,109.511923,Imperata flavida
18.252625,109.511923,Imperata flavida
6.8086111,80.5,Ischaemum commutatum
7.60806,80.70472,Ischaemum commutatum
6.8,80.8,Ischaemum commutatum
-10.47654608,105.5610598,Ischaemum nativitatis
-10.4969,105.5464,Ischaemum nativitatis
-10.476457,105.561257,Ischaemum nativitatis
-10.43,105.6617,Ischaemum nativitatis
22.676667,121.472222,Ischaemum setaceum
22.056389,121.514444,Ischaemum setaceum
22.676667,121.472222,Ischaemum setaceum
22.070556,121.551667,Ischaemum setaceum
22.0725,121.51,Ischaemum setaceum
22.056389,121.514444,Ischaemum setaceum
22.026944,121.577778,Ischaemum setaceum
22.0725,121.51,Ischaemum setaceum
21.951667,120.790556,Ischaemum setaceum
22.026944,121.577778,Ischaemum setaceum
22.056389,121.514444,Ischaemum setaceum
22.019722,121.576389,Ischaemum setaceum
22.026944,121.577778,Ischaemum setaceum
22.056389,121.514444,Ischaemum setaceum
22.696111,120.996944,Ischaemum setaceum
22.011667,121.593333,Ischaemum setaceum
22.056389,121.514444,Ischaemum setaceum
21.949722,121.612222,Ischaemum setaceum
22.030278,121.553611,Ischaemum setaceum
22.011667,121.593333,Ischaemum setaceum
22.056389,121.514444,Ischaemum setaceum
22.056389,121.514444,Ischaemum setaceum
22.011667,121.593333,Ischaemum setaceum
22.056389,121.514444,Ischaemum setaceum
22.026944,121.577778,Ischaemum setaceum
21.949722,121.612222,Ischaemum setaceum
22.056389,121.514444,Ischaemum setaceum
22.056389,121.514444,Ischaemum setaceum
22.056389,121.514444,Ischaemum setaceum
22.0725,121.51,Ischaemum setaceum
22.030278,121.553611,Ischaemum setaceum
22.056389,121.514444,Ischaemum setaceum
22.056389,121.514444,Ischaemum setaceum
22.676667,121.472222,Ischaemum setaceum
22.056389,121.514444,Ischaemum setaceum
22.056389,121.514444,Ischaemum setaceum
22.056389,121.514444,Ischaemum setaceum
22.056389,121.514444,Ischaemum setaceum
22.676667,121.472222,Ischaemum setaceum
22.056389,121.514444,Ischaemum setaceum
22.676667,121.472222,Ischaemum setaceum
22.056389,121.514444,Ischaemum setaceum
22.056389,121.514444,Ischaemum setaceum
-17.875,31.125,Loxodera caespitosa
-9.375,34.875,Loxodera caespitosa
-9.875,34.625,Loxodera caespitosa
30.15,80.25,Microstegium falconeri
30.470951,78.047337,Microstegium falconeri
30.15,80.27,Microstegium falconeri
30.470951,78.047337,Microstegium falconeri
29.37,79.5,Microstegium falconeri
29.73,79.67,Microstegium falconeri
24.016667,121.1,Microstegium fauriei
24.57,121.393611,Microstegium fauriei
23.516667,120.806111,Microstegium fauriei
24.57,121.393611,Microstegium fauriei
24.016667,121.1,Microstegium fauriei
24.75,121.566667,Microstegium fauriei
24.905278,121.540278,Microstegium fauriei
25.128611,121.735833,Microstegium fauriei
25.114167,121.5275,Microstegium somae
25.151944,121.510556,Microstegium somae
26.764717,128.205026,Microstegium somae
25.136944,121.543333,Microstegium somae
25.136944,121.543333,Microstegium somae
25.172778,121.525833,Microstegium somae
-14.886167,125.751333,Mnesithea annua
-16.61666701,125.9,Mnesithea annua
-14.916667,125.733333,Mnesithea annua
-14.824722,125.7175,Mnesithea annua
-14.805799,126.50681,Mnesithea annua
-14.881949,125.751258,Mnesithea annua
-16.62,125.9,Mnesithea annua
-16.6167,125.9,Mnesithea annua
-14.8861,125.7514,Mnesithea annua
-16.42423601,125.039717,Mnesithea annua
-16.61528501,125.90127,Mnesithea annua
-15.7167,125.4667,Mnesithea annua
-14.886167,125.751333,Mnesithea annua
15.27,105.48,Parahyparrhenia laegaardii
15.316,105.466,Parahyparrhenia laegaardii
15.266,105.483,Parahyparrhenia laegaardii
8.57,-1.23,Rhytachne furtiva
8.38,-2.16,Rhytachne furtiva
10.14,-3.09,Rhytachne furtiva
10.23,-3.15,Rhytachne furtiva
9.08,-1.32,Rhytachne furtiva
9.12,-2.13,Rhytachne furtiva
7.69515,-8.4228167,Rhytachne megastachya
7.6913333,-8.425,Rhytachne megastachya
7.615061,-8.418864,Rhytachne megastachya
7.615061,-8.418864,Rhytachne megastachya
8.56028,-11.79194,Rhytachne megastachya
7.615061,-8.418864,Rhytachne megastachya
-8.52,120.59,Polytoca javanica
-7.63,112.9,Polytoca javanica
-7.50278,111.26306,Polytoca javanica
-8.52,120.59,Polytoca javanica
22.29083,-84.2875,Schizachyrium cubense
21.7,-83,Schizachyrium cubense
21.96694,-84.03333,Schizachyrium cubense
21.685,-82.86722,Schizachyrium cubense
22.29083,-84.2875,Schizachyrium cubense
21.483333,-77.616667,Schizachyrium reedii
21.4833,-77.6167,Schizachyrium reedii
22.60611,-81.34111,Schizachyrium reedii
21.4833,-77.6167,Schizachyrium reedii
21.33806,-77.79667,Schizachyrium reedii
21.33806,-77.79667,Schizachyrium reedii
28.262715,103.571742,Spodiopogon yuexiensis
28.61,102.56,Spodiopogon yuexiensis
28.6398,102.507677,Spodiopogon yuexiensis
9.225,-11.1166667,Schizachyrium lomaense
7.6611667,-8.3795,Schizachyrium lomaense
7.6608333,-8.38,Schizachyrium lomaense
9.225,-11.1166667,Schizachyrium lomaense
7.66056,-8.38028,Schizachyrium lomaense
9.1,-11.07,Schizachyrium lomaense
8.787227,-11,Schizachyrium djalonicum
9.450729,-12.4133,Schizachyrium djalonicum
10.808,-12.5457,Schizachyrium djalonicum