"","scrubbed_genus","scrubbed_species_binomial","latitude","longitude","date_collected","datasource","dataset","dataowner","custodial_institution_codes","collection_code","datasource_id","is_new_world"
"1","Vossia","Vossia cuspidata",-19.125,23.125,1985-02-10,"GBIF","SANBI","SANBI","SANBI","PRECIS",2249,0
"2","Vossia","Vossia cuspidata",1.125,30.625,1959-07-15,"GBIF","SANBI","SANBI","SANBI","PRECIS",2249,0
"3","Vossia","Vossia cuspidata",-18.44666,22.0175,1996-01-28,"MO",NA,NA,NA,NA,280,0
"4","Vossia","Vossia cuspidata",9.066667,13.466667,1987-11-03,"GBIF","EFG","EFG","EFG","HEFG",2357,0
"5","Vossia","Vossia cuspidata",9.383333,13.533333,1984-10-16,"GBIF","EFG","EFG","EFG","HEFG",2357,0
"6","Vossia","Vossia cuspidata",12.833,-1.666,2000-09-25,"GBIF","AAU","AAU","AAU","Herbarium",3298,0
"7","Vossia","Vossia cuspidata",14.35,-0.316,1996-10-18,"GBIF","AAU","AAU","AAU","Herbarium",3298,0
"8","Vossia","Vossia cuspidata",1.125,30.625,1952-06-20,"GBIF","SANBI","SANBI","SANBI","PRECIS",2249,0
"9","Vossia","Vossia cuspidata",-19.125,23.125,1984-04-13,"GBIF","SANBI","SANBI","SANBI","PRECIS",2249,0
"10","Vossia","Vossia cuspidata",15.16667,-4.43333,1950-10-01,"GBIF","MNHN","MNHN","MNHN","P",3541,0
"11","Vossia","Vossia cuspidata",-21.125,24.625,1975-04-26,"GBIF","SANBI","SANBI","SANBI","PRECIS",2249,0
"12","Vossia","Vossia cuspidata",12.95,-3.46667,1968-11-01,"GBIF","MNHN","MNHN","MNHN","P",3541,0
"13","Vossia","Vossia cuspidata",10.85,14.95,1986-10-22,"GBIF","EFG","EFG","EFG","HEFG",2357,0
"14","Vossia","Vossia cuspidata",8.13,-0.39,1964-04-10,"GBIF","LEGON-GC","LEGON-GC","LEGON-GC","GC1",2355,0
"15","Vossia","Vossia cuspidata",9.05,13.733333,1985-12-12,"GBIF","EFG","EFG","EFG","HEFG",2357,0
"16","Vossia","Vossia cuspidata",16.26667,-0.05,1932-01-15,"GBIF","MNHN","MNHN","MNHN","P",3541,0
"17","Vossia","Vossia cuspidata",16.26667,-0.05,1932-01-18,"GBIF","MNHN","MNHN","MNHN","P",3541,0
"18","Vossia","Vossia cuspidata",14.05,-0.033333,1994-10-24,"GBIF","FR","FR","FR","Herbarium Senckenbergianum",3497,0
"19","Vossia","Vossia cuspidata",-18.375,22.125,1996-01-28,"GBIF","SANBI","SANBI","SANBI","PRECIS",2249,0
"20","Vossia","Vossia cuspidata",6.12,0.05,1977-03-22,"GBIF","LEGON-GC","LEGON-GC","LEGON-GC","GC1",2355,0
"21","Vossia","Vossia cuspidata",-18.375,21.875,1975-04-25,"GBIF","SANBI","SANBI","SANBI","PRECIS",2249,0
"22","Vossia","Vossia cuspidata",13.5,13.55,1972-04-25,"GBIF","LEGON-GC","LEGON-GC","LEGON-GC","GC1",2355,0
"23","Vossia","Vossia cuspidata",-19.125,23.375,1972-11-16,"GBIF","SANBI","SANBI","SANBI","PRECIS",2249,0
"24","Vossia","Vossia cuspidata",7.46,-0.03,1970-11-21,"GBIF","LEGON-GC","LEGON-GC","LEGON-GC","GC1",2355,0
"25","Vossia","Vossia cuspidata",6.12,0.05,1977-04-22,"GBIF","LEGON-GC","LEGON-GC","LEGON-GC","GC1",2355,0
"26","Vossia","Vossia cuspidata",-19.625,23.125,1996-03-15,"GBIF","SANBI","SANBI","SANBI","PRECIS",2249,0
"27","Vossia","Vossia cuspidata",10.85,14.95,1986-10-22,"GBIF","EFG","EFG","EFG","HEFG",2357,0
"28","Vossia","Vossia cuspidata",-15.16666,23.23333,1993-04-26,"MO",NA,NA,NA,NA,280,0
"29","Vossia","Vossia cuspidata",11.55,-4.133,1994-12-03,"GBIF","AAU","AAU","AAU","Herbarium",3298,0
"30","Vossia","Vossia cuspidata",-19.875,23.625,1972-01-22,"GBIF","SANBI","SANBI","SANBI","PRECIS",2249,0
"31","Vossia","Vossia cuspidata",6.583,2.5,NA,"GBIF","HNB","HNB","HNB","ABC",1556,0
"32","Vossia","Vossia cuspidata",-18.875,22.375,1976-01-30,"GBIF","SANBI","SANBI","SANBI","PRECIS",2249,0
"33","Vossia","Vossia cuspidata",12.1,15.033333,1982-10-26,"GBIF","EFG","EFG","EFG","HEFG",2357,0
"34","Vossia","Vossia cuspidata",6.633333,13.4,1983-08-25,"GBIF","EFG","EFG","EFG","HEFG",2357,0
"35","Vossia","Vossia cuspidata",16.316,-15.866,1994-10-12,"GBIF","AAU","AAU","AAU","Herbarium",3298,0
"36","Vossia","Vossia cuspidata",-19.625,23.125,1993-01-31,"GBIF","SANBI","SANBI","SANBI","PRECIS",2249,0
"37","Vossia","Vossia cuspidata",-8.875,31.125,1957-06-10,"GBIF","SANBI","SANBI","SANBI","PRECIS",2249,0
"38","Vossia","Vossia cuspidata",16.26667,-0.05,1932-01-15,"GBIF","MNHN","MNHN","MNHN","P",3541,0
"39","Vossia","Vossia cuspidata",-19.625,23.375,1976-03-21,"GBIF","SANBI","SANBI","SANBI","PRECIS",2249,0
"40","Vossia","Vossia cuspidata",-8.875,31.125,1962-03-10,"GBIF","SANBI","SANBI","SANBI","PRECIS",2249,0
"41","Vossia","Vossia cuspidata",11.31667,-4.8,1959-05-01,"GBIF","MNHN","MNHN","MNHN","P",3541,0
"42","Vossia","Vossia cuspidata",8.13,-0.39,1964-04-10,"GBIF","LEGON-GC","LEGON-GC","LEGON-GC","GC1",2355,0
"43","Vossia","Vossia cuspidata",-18.125,24.125,1972-10-27,"GBIF","SANBI","SANBI","SANBI","PRECIS",2249,0
"44","Vossia","Vossia cuspidata",14.166,-1,1997-10-17,"GBIF","AAU","AAU","AAU","Herbarium",3298,0
"45","Vossia","Vossia cuspidata",-12.875,35.375,1964-03-02,"GBIF","SANBI","SANBI","SANBI","PRECIS",2249,0
"46","Vossia","Vossia cuspidata",12.1,15.033333,1982-10-26,"GBIF","EFG","EFG","EFG","HEFG",2357,0
"47","Vossia","Vossia cuspidata",14.333,-0.283,1996-10-16,"GBIF","AAU","AAU","AAU","Herbarium",3298,0
"48","Vossia","Vossia cuspidata",-2.55,33.4,2000-03-16,"GBIF","S","S","S","VascularPlants",3570,0
"49","Vossia","Vossia cuspidata",-19.875,23.625,1954-09-11,"GBIF","SANBI","SANBI","SANBI","PRECIS",2249,0
"50","Vossia","Vossia cuspidata",12.033,-1.316,2000-10-25,"GBIF","AAU","AAU","AAU","Herbarium",3298,0
"51","Vossia","Vossia cuspidata",-8.875,31.125,1941-07-06,"GBIF","SANBI","SANBI","SANBI","PRECIS",2249,0
"52","Vossia","Vossia cuspidata",14.502778,-0.327778,1996-10-02,"GBIF","FR","FR","FR","Herbarium Senckenbergianum",3497,0
"53","Vossia","Vossia cuspidata",-19.875,22.375,1975-08-19,"GBIF","SANBI","SANBI","SANBI","PRECIS",2249,0
"54","Vossia","Vossia cuspidata",-3.375,29.375,1974-09-16,"GBIF","SANBI","SANBI","SANBI","PRECIS",2249,0
"55","Vossia","Vossia cuspidata",8.13,-0.39,1965-12-30,"GBIF","LEGON-GC","LEGON-GC","LEGON-GC","GC1",2355,0
